stage,iter_in_stage,total_iter,reward_mean,ep_len_mean,episodes_this_iter,win_rate,loss_rate,draw_rate,timeout_rate,crash_rate,judge_win_rate,judge_loss_rate,ep_wez_steps,ep_mean_distance,ep_min_distance,ep_reward_survival,ep_reward_pursuit,ep_reward_damage,ep_reward_aim,ep_reward_aim_wide,ep_reward_range,ep_reward_deck,ep_reward_ceil,ep_reward_alt,ep_reward_underrun,ep_reward_terminal,ep_reward_step,ep_reward_track,ep_reward_gunsnap_blue,ep_reward_gunsnap_red,ep_altitude_penalty_steps,action_sat_rate,action_roll_mean,action_pitch_mean,action_rudder_mean,action_throttle_mean,action_roll_std,action_pitch_std,action_rudder_std,action_throttle_std,initial_alpha_deg,initial_ata_deg,initial_aa_deg,initial_distance_m,final_ata_deg,final_aa_deg,headon_guard_fail,eval_win_rate,eval_crash_rate,eval_loss_rate,eval_wez_steps,eval_episodes,anchor_kl,anchor_coef,policy_loss,vf_loss,entropy,kl,clip_frac,explained_var,actor_loss,critic_loss,alpha_loss,alpha,target_entropy,replay_buffer_size,replay_buffer_memory_mb,env_steps_per_sec,learner_steps_per_sec,iteration_time_s,ep_reward_overspeed,ep_reward_perch,ep_reward_far,ep_reward_wez,ep_reward_snap,ep_reward_close,ep_reward_nmd,ep_reward_cpa,ep_reward_high,ep_reward_turnalt
35,0,0,462.82388963644615,340.86805555555554,146172,0.08333333333333333,0.3819444444444445,0.46527777777777773,0.0,0.06944444444444443,n/a,n/a,18.305555555555554,1638.8530044335655,172.7934559277238,n/a,n/a,353.9110330051505,11.604380199621133,15.068635996088597,13.118949078267242,-7.833936416120618,-0.0007857190437566088,,,16.154166666666672,,,,,0.0,0.4209765665639557,-0.018343077038379205,-1.1187519795364802,-0.6261857638342513,1.0535453458627064,0.29614230059087276,0.42441931201352007,0.7425932043956386,0.30714202434238463,n/a,n/a,n/a,n/a,20.19141410338712,174.89782655029225,0.0,,,,,,n/a,n/a,0.1520393192768097,217.25079345703125,-3.553039789199829,0.00865499209612608,n/a,0.8170093297958374,0.1520393192768097,n/a,n/a,n/a,n/a,n/a,n/a,n/a,n/a,11.414354085922241,,,-18.0046524917959,nan,nan,3.6326750214367802,65.98050898470514,9.192915311470426,,nan
35,1,1,503.0278004128928,722.1423076923077,31,0.20384615384615384,0.46153846153846156,0.2961538461538461,0.0,0.038461538461538464,n/a,n/a,22.91923076923077,1522.7636999294493,152.52122372809282,n/a,n/a,296.5109153009605,22.32668463295345,31.385963621509195,32.99219396652022,-7.614868994967088,-0.0021497036651572632,,,59.52134615384333,,,,,0.0,0.407259150291157,-0.0878181938870022,-1.2018271510417646,-0.6039274844985741,0.9814691720100549,0.3142952718986915,0.42001656351181177,0.7028348700358318,0.3373146500725012,n/a,n/a,n/a,n/a,47.86039881783483,148.3416714789396,0.0,,,,,,n/a,n/a,-0.041040681302547455,155.47848510742188,-3.5705652236938477,0.009699392132461071,n/a,0.9677507281303406,-0.041040681302547455,n/a,n/a,n/a,n/a,n/a,n/a,n/a,n/a,10.456078052520752,,,-35.65201810252492,nan,nan,3.0539829745076257,86.23529180660961,14.270458757146057,,nan
35,2,2,378.07585256147,724.088888888889,30,0.14444444444444443,0.3722222222222222,0.28888888888888886,0.0,0.12777777777777777,n/a,n/a,18.544444444444444,1567.07413718621,130.85640108051555,n/a,n/a,270.3969672515745,20.15632011053144,29.751117528930088,31.604359100345828,-10.437314706268136,-0.002635109784843898,,,-5.022037037037891,,,,,0.0,0.4172662260113448,-0.07836834136655348,-1.1876669632063972,-0.6503402301006846,1.004770701461368,0.3152203355398443,0.4171830779976315,0.6751586165693071,0.332469610704316,n/a,n/a,n/a,n/a,45.68635093751534,146.22663942881732,0.0,,,,,,n/a,n/a,0.08699090778827667,174.8914794921875,-3.5882608890533447,0.007816248573362827,n/a,0.8838827610015869,0.08699090778827667,n/a,n/a,n/a,n/a,n/a,n/a,n/a,n/a,10.213303804397583,,,-37.402886315760185,nan,nan,-8.669817336809867,74.27224874442676,13.429530331322317,,nan
35,3,3,675.4545494327776,605.1410256410256,27,0.36538461538461536,0.23717948717948717,0.2564102564102564,0.0,0.14102564102564102,n/a,n/a,22.5448717948718,1587.8061161834717,114.52011759746621,n/a,n/a,378.329508545647,19.902213339755153,27.31633265683343,22.953327707812278,-10.338295912880259,-0.0007466760399536871,,,163.9086538461534,,,,,0.0,0.4045665106518988,-0.07648346770833879,-1.1857429475356371,-0.6157166912005498,0.9741324961949618,0.3183033439593438,0.4338418071468671,0.7020630752428983,0.3347357705426522,n/a,n/a,n/a,n/a,19.973635264960038,147.14234457163724,0.0,,,,,,n/a,n/a,0.04462306573987007,163.6896209716797,-3.57710599899292,0.010801236145198345,n/a,0.9261718988418579,0.04462306573987007,n/a,n/a,n/a,n/a,n/a,n/a,n/a,n/a,9.963652610778809,,,-31.81991648683932,nan,nan,2.8503759457727615,89.62451863673193,12.728577829831373,,nan
35,4,4,563.0872433052638,913.4583333333334,22,0.125,0.3958333333333333,0.22916666666666666,0.0,0.08333333333333333,n/a,n/a,17.875,1500.1918399913409,125.21311039161803,n/a,n/a,319.3361802018628,30.123516436174146,42.344062307898014,45.434501526336874,-5.73156662086375,-0.0034188292404130553,,,33.31874999999983,,,,,0.0,0.40417019003588406,-0.06967321060074028,-1.1734572698672612,-0.6695891007160147,0.9785804090400537,0.32709207634131116,0.43556038786967594,0.7090324598054091,0.3460946576669812,n/a,n/a,n/a,n/a,58.38743306312145,156.86227615536225,0.0,,,,,,n/a,n/a,0.1299300640821457,136.37399291992188,-3.5802037715911865,0.013390177860856056,n/a,0.8003129363059998,0.1299300640821457,n/a,n/a,n/a,n/a,n/a,n/a,n/a,n/a,10.18198537826538,,,-43.494475414760025,nan,nan,3.7291303661140742,121.39564746083403,16.63491587090799,,nan
35,5,5,458.9681614608325,670.546875,34,0.21875,0.3958333333333333,0.21354166666666666,0.0,0.125,n/a,n/a,14.458333333333332,1434.7079830534033,152.5283740194283,n/a,n/a,266.3080860038375,17.474565910544538,25.975461193392267,34.778560719254685,-26.032239449324948,-0.001200402755131878,,,80.23750000000014,,,,,0.0,0.4032661005197745,-0.08952028562422737,-1.2169036328171692,-0.5503719661695262,0.992792393701772,0.31570783187635243,0.41370354670410353,0.6823582872748375,0.3195742113360514,n/a,n/a,n/a,n/a,73.3778847373607,176.69404014281776,0.0,,,,,,n/a,n/a,-0.01985844038426876,207.57212829589844,-3.594755172729492,0.011764123104512691,n/a,0.40077435970306396,-0.01985844038426876,n/a,n/a,n/a,n/a,n/a,n/a,n/a,n/a,10.349029064178467,,,-30.779729331311373,nan,nan,4.819460300381267,72.90624715642609,13.281449360387416,,nan
35,6,6,847.0708488384807,728.5589743589743,27,0.4384615384615384,0.38461538461538464,0.13846153846153847,0.0,0.038461538461538464,n/a,n/a,22.012820512820515,1488.516146964659,111.1353018319338,n/a,n/a,382.1635376547748,21.98568151488676,30.316821749222072,34.06776692010893,-5.003949208725098,-0.0025719620613814044,,,278.2541452991462,,,,,0.0,0.3907992324749929,-0.10306377946364637,-1.2124619104923346,-0.5170346492758164,0.9427957261220002,0.3260399006116085,0.43655661229903886,0.6947623981879307,0.3417305435125645,n/a,n/a,n/a,n/a,52.81027889102615,143.5918354460145,0.0,,,,,,n/a,n/a,-0.09529154747724533,244.2368621826172,-3.574164390563965,0.011251598596572876,n/a,0.38096141815185547,-0.09529154747724533,n/a,n/a,n/a,n/a,n/a,n/a,n/a,n/a,10.37035059928894,,,-35.858955426843,nan,nan,3.4991549457263837,122.42651939447468,15.22269795777054,,nan
35,7,7,728.4754387418286,761.6777777777777,27,0.3888888888888889,0.3444444444444444,0.24444444444444444,0.0,0.02222222222222222,n/a,n/a,24.955555555555556,1523.1228775278962,141.2275663002616,n/a,n/a,352.267000709603,25.040040508350007,34.16120079202819,35.16012375899059,-17.47794689411016,-0.00238831186230274,,,216.08574074074113,,,,,0.0,0.39705751458645333,-0.08551518334231029,-1.1865425248940786,-0.5978435127271545,0.9738469236426883,0.32201555462347137,0.4324819094604916,0.6880001727077697,0.32965043832858404,n/a,n/a,n/a,n/a,40.75546332832089,145.72457550732528,0.0,,,,,,n/a,n/a,0.2512821555137634,200.43772888183594,-3.5625417232513428,0.011012320406734943,n/a,0.8538905382156372,0.2512821555137634,n/a,n/a,n/a,n/a,n/a,n/a,n/a,n/a,10.27848744392395,,,-37.153982742557766,nan,nan,-3.756320760435759,107.7759859447758,16.37598499630606,,nan
35,8,8,640.1076103288193,785.7624999999999,25,0.30833333333333335,0.4166666666666667,0.2125,0.0,0.041666666666666664,n/a,n/a,25.570833333333336,1500.4436069942492,129.60147687701382,n/a,n/a,305.03247145500103,22.659807480642666,32.598558903544664,37.038367226923064,-13.14831384408924,-0.0034503687153743822,,,195.4573611111093,,,,,0.0,0.3849910806391435,-0.12083224564169844,-1.2232824648420015,-0.5351664517074823,0.9268005028367042,0.33087859240670997,0.43108701817691325,0.6757419973611832,0.33367546635369455,n/a,n/a,n/a,n/a,71.5263531791815,160.68869617523146,0.0,,,,,,n/a,n/a,-0.10541987419128418,160.4802703857422,-3.5607166290283203,0.018144074827432632,n/a,0.8645007610321045,-0.10541987419128418,n/a,n/a,n/a,n/a,n/a,n/a,n/a,n/a,10.383434772491455,,,-38.249208487417256,nan,nan,2.488184266898971,81.48733076943913,14.746501815482526,,nan
35,9,9,775.9011097000894,674.7880952380953,29,0.43571428571428567,0.24047619047619045,0.2523809523809524,0.0,0.03571428571428571,n/a,n/a,20.907142857142855,1623.684715930334,127.1232264672443,n/a,n/a,347.14920605083705,22.456407534454232,30.644460270181558,27.974607357788084,-34.3017540299547,-0.000513556478970183,,,293.82964285714394,,,,,0.0,0.39616801663642587,-0.0577574126078703,-1.1447258422772089,-0.6000118782122931,0.9871507800760723,0.3141144749664125,0.44758538710219525,0.7067518711090087,0.31797728531417396,n/a,n/a,n/a,n/a,32.58968535000194,150.84050309961225,0.0,,,,,,n/a,n/a,0.14417703449726105,132.6400909423828,-3.5595507621765137,0.007157337386161089,n/a,0.9849780201911926,0.14417703449726105,n/a,n/a,n/a,n/a,n/a,n/a,n/a,n/a,10.108306884765625,,,-34.919927095035945,nan,nan,4.938964134722419,103.44561801016737,14.684398166264222,,nan
35,10,10,664.2763600776736,623.0576923076924,33,0.3141025641025641,0.391025641025641,0.2692307692307692,0.0,0.0,n/a,n/a,18.96153846153846,1559.5166790103222,127.5326543127068,n/a,n/a,316.8381125990211,19.06418728892904,26.725931641394727,26.196872507824075,-0.0013200837792564546,-0.0015762790282411085,,,213.22083333333396,,,,,0.0,0.3967332414099711,-0.06031654068889718,-1.148308332149799,-0.6276885614945338,1.000278937510955,0.302117309318139,0.42945424295388734,0.6797023136646321,0.32311029665363133,n/a,n/a,n/a,n/a,53.60619715387743,162.0649884001261,0.0,,,,,,n/a,n/a,-0.08038780838251114,131.71432495117188,-3.5671029090881348,0.006083914544433355,n/a,0.8118055462837219,-0.08038780838251114,n/a,n/a,n/a,n/a,n/a,n/a,n/a,n/a,10.438353300094604,,,-31.84354725899522,nan,nan,-0.03378634175919519,81.14448050581721,12.96617216491567,,nan
35,11,11,518.2538476341633,862.6666666666667,29,0.203125,0.4270833333333333,0.21354166666666666,0.0,0.03125,n/a,n/a,15.776041666666668,1462.524938482119,131.15384969120691,n/a,n/a,280.0258819590798,23.05869100057288,34.85306375518955,40.694716048698375,-2.0794875069322307,-0.008796687643976241,,,85.88671875000009,,,,,0.0,0.38538584836172085,-0.10046313399773983,-1.2266058505823216,-0.5530845493388673,0.9589992950980862,0.3195767604435484,0.4153477740474045,0.6501818786685665,0.33352520448776585,n/a,n/a,n/a,n/a,67.26875256238925,141.56140778378915,0.0,,,,,,n/a,n/a,0.15028758347034454,95.14701080322266,-3.5679545402526855,0.03090195544064045,n/a,0.950200080871582,0.15028758347034454,n/a,n/a,n/a,n/a,n/a,n/a,n/a,n/a,10.410766839981079,,,-41.57385455164636,nan,nan,-2.851837700182398,84.13234440040674,16.11640816662075,,nan
35,12,12,468.34987510224596,531.5011111111111,36,0.24666666666666667,0.3688888888888889,0.21777777777777776,0.0,0.16666666666666666,n/a,n/a,17.725555555555555,1631.0766003766937,185.00150390614883,n/a,n/a,299.5684510477639,16.56969300724531,22.900570439687005,23.87093051923986,-22.126401035128172,-0.0012457507015743298,,,66.82444444444471,,,,,0.0,0.40515637341234245,-0.057634241411902216,-1.132738960252868,-0.6397785136434767,1.0237752615743212,0.3071800957454575,0.447989930609862,0.6908217526806726,0.30104660502738423,n/a,n/a,n/a,n/a,42.09593993436578,165.23665895715925,0.0,,,,,,n/a,n/a,-0.11653308570384979,202.02224731445312,-3.5643134117126465,0.014214289374649525,n/a,0.9188845157623291,-0.11653308570384979,n/a,n/a,n/a,n/a,n/a,n/a,n/a,n/a,10.621782302856445,,,-26.775473515918616,nan,nan,0.8395336511734228,75.46047116016761,11.218901134272455,,nan
35,13,13,446.64918504505437,627.3545454545455,27,0.17727272727272728,0.22272727272727275,0.3272727272727272,0.0,0.18181818181818182,n/a,n/a,17.45909090909091,1519.2732513368974,147.18812686982258,n/a,n/a,335.26673014031417,17.62406943361278,25.996060470578332,26.383541747866197,-30.292581496242132,-0.0010964727871135606,,,10.085984848484879,,,,,0.0,0.41109612441674576,-0.05011298783462155,-1.1822984224016015,-0.5979891344453349,1.0271372744531342,0.2923775048644254,0.40778799689177314,0.6874139466068961,0.31153306504993733,n/a,n/a,n/a,n/a,55.37514003553358,172.8751476766077,0.0,,,,,,n/a,n/a,-0.05633975937962532,60.99532699584961,-3.5568625926971436,0.008667120710015297,n/a,0.5361175537109375,-0.05633975937962532,n/a,n/a,n/a,n/a,n/a,n/a,n/a,n/a,10.524327039718628,,,-31.354461705672964,nan,nan,3.9130833658974753,74.74624586275546,14.281608850247329,,nan
35,14,14,632.1871373604992,685.3095238095237,30,0.25595238095238093,0.2738095238095238,0.3630952380952381,0.0,0.03571428571428571,n/a,n/a,20.00595238095238,1600.0434367380917,122.49791882354553,n/a,n/a,350.0363042624175,20.441659970078913,28.736930695835635,31.948006215762412,-6.132743398074944,-0.0010788485392716812,,,124.00386904761925,,,,,0.0,0.3919397615630089,-0.06343872300723367,-1.1421515288807098,-0.618976681892361,0.9699613508724031,0.3212697319686413,0.4470171147868747,0.6972032544158754,0.3284141227957748,n/a,n/a,n/a,n/a,36.96101486055085,162.97273168146006,0.0,,,,,,n/a,n/a,0.04195760190486908,82.49632263183594,-3.571582078933716,0.007251011673361063,n/a,0.9040182828903198,0.04195760190486908,n/a,n/a,n/a,n/a,n/a,n/a,n/a,n/a,10.390646696090698,,,-34.271032689027415,nan,nan,5.045298223872085,97.10099558413867,15.27892829641618,,nan
35,15,15,567.143746614885,740.3205128205129,26,0.28846153846153844,0.3333333333333333,0.24358974358974358,0.0,0.038461538461538464,n/a,n/a,19.032051282051285,1497.9724227247593,122.03629262098296,n/a,n/a,312.47579371152347,21.641536103435417,31.00206740795642,33.81109372598506,-8.296847741508788,-0.0016791526710114811,,,104.29647435897454,,,,,0.0,0.3976977562657122,-0.10397909318010369,-1.1957761828715985,-0.6086810273237717,0.9746276457340289,0.33105360812101614,0.4240602361850249,0.6732137699921925,0.3403636327920816,n/a,n/a,n/a,n/a,78.28716284230542,154.9013496277927,0.0,,,,,,n/a,n/a,-0.025505373254418373,124.88805389404297,-3.596529483795166,0.008836165070533752,n/a,0.9672526717185974,-0.025505373254418373,n/a,n/a,n/a,n/a,n/a,n/a,n/a,n/a,10.931925296783447,,,-36.58280241309305,nan,nan,-1.6462525368177698,95.1680023440638,15.276360807036884,,nan
35,16,16,638.2229023092783,636.3988095238095,29,0.26785714285714285,0.244047619047619,0.38095238095238093,0.0,0.03571428571428571,n/a,n/a,16.886904761904763,1558.8174530538656,172.62533630404965,n/a,n/a,331.1163877659729,17.7208332549066,25.245755773190034,28.612300736547816,-4.065210374374511,-0.11937373259362759,,,171.15803571428617,,,,,0.0,0.3900549776076809,-0.0807368803486627,-1.1721683726424263,-0.5512522565467017,0.9942020841297649,0.2974627237944376,0.4221278971859387,0.6718617777029673,0.31557121287499157,n/a,n/a,n/a,n/a,50.1469668492025,164.88808736260117,0.0,,,,,,n/a,n/a,0.11477844417095184,107.38037872314453,-3.605970621109009,0.01464129239320755,n/a,0.9645625948905945,0.11477844417095184,n/a,n/a,n/a,n/a,n/a,n/a,n/a,n/a,10.422982215881348,,,-31.53770165552445,nan,nan,5.916898278693499,79.3778490740698,14.797127474104101,,nan
35,17,17,789.8655922850994,807.0933333333334,28,0.5155555555555555,0.33888888888888885,0.06555555555555556,0.0,0.06666666666666667,n/a,n/a,21.396666666666665,1460.7308053102502,107.14370016780855,n/a,n/a,297.3576743039309,25.386492736331256,36.33890229000118,40.43789514712093,-23.34250165774203,-0.004323878681505567,,,328.4227407407394,,,,,0.0,0.4042214658984881,-0.08224163113058441,-1.2006123672591316,-0.6158747840921084,1.005661921567387,0.30620911094877457,0.4084245398971769,0.6712607769833671,0.33655807269944077,n/a,n/a,n/a,n/a,44.876122451640896,147.25700605853655,0.0,,,,,,n/a,n/a,-0.33342820405960083,206.14581298828125,-3.6122493743896484,0.008967544883489609,n/a,0.8676660656929016,-0.33342820405960083,n/a,n/a,n/a,n/a,n/a,n/a,n/a,n/a,10.430712461471558,,,-38.07711727987633,nan,nan,5.7415866016609005,100.74650293272796,16.857740348886743,,nan
35,18,18,585.2768504319669,642.8722222222223,38,0.16666666666666666,0.4222222222222222,0.3444444444444444,0.0,0.0,n/a,n/a,17.72222222222222,1537.2109691091348,157.0431947596312,n/a,n/a,314.7890410050606,19.115830929395614,27.29439330399449,30.2733336543481,-0.003793370367657431,-0.0013110514388083396,,,125.74944444444453,,,,,0.0,0.4104904008916526,-0.06497097422575786,-1.157990377810266,-0.6262402796083026,1.0248125281598834,0.301895651800765,0.4139441427257326,0.6904121067788865,0.3082822736766603,n/a,n/a,n/a,n/a,55.512211223994555,172.16743068235922,0.0,,,,,,n/a,n/a,-0.43949511647224426,140.9346923828125,-3.601418972015381,0.016552453860640526,n/a,0.8973507881164551,-0.43949511647224426,n/a,n/a,n/a,n/a,n/a,n/a,n/a,n/a,11.212191581726074,,,-31.587529255034404,nan,nan,4.082520848322746,81.39143849249203,14.173481430749714,,nan
35,19,19,576.254656243554,481.21666666666664,35,0.28214285714285714,0.19285714285714284,0.45357142857142857,0.0,0.07142857142857142,n/a,n/a,19.67142857142857,1568.7628126495874,170.19552345453693,n/a,n/a,386.10313036054896,15.158920774587061,21.0305606725936,18.11496771866379,-32.20264688706787,-0.042954276450415864,,,99.81291666666576,,,,,0.0,0.40387701110453195,-0.04053481512126468,-1.1494222872314002,-0.6138230843912987,1.0186852489908538,0.30519075102749327,0.399883430202802,0.6846718337564243,0.30401702874473163,n/a,n/a,n/a,n/a,32.892847639711086,166.1317957105022,0.0,,,,,,n/a,n/a,0.005448132287710905,72.23904418945312,-3.6000514030456543,0.005189074669033289,n/a,0.9768297672271729,0.005448132287710905,n/a,n/a,n/a,n/a,n/a,n/a,n/a,n/a,10.964343786239624,,,-25.586562450061365,nan,nan,7.033419631027842,76.01149607493623,10.821407958110473,,nan
35,20,20,462.112117611343,661.4523809523808,32,0.1130952380952381,0.3273809523809524,0.39285714285714285,0.0,0.05952380952380952,n/a,n/a,15.31547619047619,1521.414892562118,179.5562737801638,n/a,n/a,305.75893920876786,17.190799674471425,26.409826473833284,28.45455013071264,-5.644257715615933,-0.00298404742221419,,,44.708234126984216,,,,,0.0,0.4256559450045096,-0.06940024227133974,-1.2109626410972503,-0.6050193001117025,1.055081185130846,0.30339307941141586,0.3867256518985544,0.6619997758950505,0.31760569431242486,n/a,n/a,n/a,n/a,42.86780759993235,170.4268533832514,0.0,,,,,,n/a,n/a,0.003721031127497554,142.07696533203125,-3.6048009395599365,0.007583889178931713,n/a,0.9473828077316284,0.003721031127497554,n/a,n/a,n/a,n/a,n/a,n/a,n/a,n/a,11.07069706916809,,,-33.737908950542625,nan,nan,3.3828106174206143,62.34293384375699,13.249174248976901,,nan
35,21,21,540.8501781367277,560.4692307692308,34,0.19102564102564104,0.32564102564102565,0.3525641025641026,0.0,0.13076923076923078,n/a,n/a,18.726923076923075,1547.7197961443146,139.97815829338782,n/a,n/a,360.64121602903276,16.785170371731787,23.464732713669296,25.64294609609149,-11.312552686196513,-0.0011247263345295197,,,54.20989316239332,,,,,0.0,0.40549865904725296,-0.062289463060472214,-1.1579790633458358,-0.6095520752744797,1.0193774240903366,0.3083759047282048,0.4160585036262488,0.6960518240164487,0.31613589804141945,n/a,n/a,n/a,n/a,51.871049352786784,155.31093579210193,0.0,,,,,,n/a,n/a,0.07962490618228912,205.27967834472656,-3.5947587490081787,0.010321535170078278,n/a,0.6693719029426575,0.07962490618228912,n/a,n/a,n/a,n/a,n/a,n/a,n/a,n/a,10.760231494903564,,,-27.183729985218278,nan,nan,1.2871397072456352,85.01396013828273,12.302527316030062,,nan
35,22,22,675.3775803656432,581.7440476190476,34,0.3154761904761904,0.29761904761904756,0.2797619047619047,0.0,0.07142857142857142,n/a,n/a,19.2202380952381,1566.7327889955345,192.38926821790713,n/a,n/a,360.33166320516773,18.313370635153383,25.375292861430744,28.85244913779699,-10.009889849038737,-0.0015452568557161636,,,173.66716269841285,,,,,0.0,0.40088378915889994,-0.0677067522753662,-1.1371128470415162,-0.6093025239450591,1.0198281921801111,0.3185419153776907,0.4326052836009434,0.7055243090504691,0.3040464574559814,n/a,n/a,n/a,n/a,47.47182653592677,165.0581972223392,0.0,,,,,,n/a,n/a,0.02844330482184887,123.46269989013672,-3.575000047683716,0.007839953526854515,n/a,0.9159203767776489,0.02844330482184887,n/a,n/a,n/a,n/a,n/a,n/a,n/a,n/a,11.01891803741455,,,-28.068371231886836,nan,nan,5.4381493960262395,89.1608155558318,12.318483213604557,,nan
35,23,23,594.5253167957916,654.3809523809523,28,0.16666666666666666,0.2857142857142857,0.4047619047619047,0.0,0.03571428571428571,n/a,n/a,18.238095238095237,1452.9336093204327,186.66220906670696,n/a,n/a,341.9452898171458,19.96947641309361,28.554920523093138,33.6621579316906,-8.020424205753887,-0.000811521644972745,,,101.91150793650809,,,,,0.0,0.4079889964910812,-0.0631184964468481,-1.1660100469986598,-0.6257698809107144,1.0453162065574102,0.3122855591632071,0.4213753615816434,0.6776415805021921,0.3108078773532595,n/a,n/a,n/a,n/a,43.78914615192975,157.45071438472675,0.0,,,,,,n/a,n/a,-0.004792116582393646,245.2472381591797,-3.577101230621338,0.007974200882017612,n/a,0.6892021894454956,-0.004792116582393646,n/a,n/a,n/a,n/a,n/a,n/a,n/a,n/a,10.579938888549805,,,-30.079638999296055,nan,nan,5.621119872681555,88.03816203857812,12.923556989695514,,nan
35,24,24,510.7765760187294,809.1666666666667,26,0.2564102564102564,0.3076923076923077,0.20512820512820512,0.0,0.19230769230769232,n/a,n/a,17.012820512820515,1549.7605322893248,115.753897915238,n/a,n/a,314.93512070056073,22.17850172286123,32.782346645928975,38.2912282911644,-30.452164082395953,-0.0023993127909578177,,,61.64316239316258,,,,,0.0,0.3867750894268091,-0.09639437039955877,-1.1873841736561213,-0.5838142212193745,0.9602069182273669,0.3128814020982155,0.4332370557464086,0.6851882521922772,0.3296014739152712,n/a,n/a,n/a,n/a,48.271435949160676,163.40542591440692,0.0,,,,,,n/a,n/a,-0.015244027599692345,130.24853515625,-3.5844876766204834,0.010942334309220314,n/a,0.8059984445571899,-0.015244027599692345,n/a,n/a,n/a,n/a,n/a,n/a,n/a,n/a,10.351232528686523,,,-39.82508811062116,nan,nan,0.09862198155422829,95.89773455956976,15.229511229735525,,nan
35,25,25,732.2623931695051,683.574358974359,30,0.3333333333333333,0.2717948717948718,0.29230769230769227,0.0,0.02564102564102564,n/a,n/a,19.26794871794872,1525.617768035713,150.18271798802198,n/a,n/a,349.41581340705824,21.385536890809703,30.02226876551688,32.06966847806612,-1.924197919711046,-0.005553333761479538,,,225.28034188034235,,,,,0.0,0.4134488188368568,-0.05890774995040818,-1.138091333095844,-0.6639711768390276,1.0269881942333319,0.3059367875831249,0.41550424102789313,0.6802663897856688,0.30972740867963205,n/a,n/a,n/a,n/a,31.00411921820336,177.72857910130216,0.0,,,,,,n/a,n/a,0.07310707122087479,139.25343322753906,-3.567938804626465,0.006346890702843666,n/a,0.9747755527496338,0.07310707122087479,n/a,n/a,n/a,n/a,n/a,n/a,n/a,n/a,10.667268753051758,,,-33.08679969658977,nan,nan,5.953504425892939,87.71389968267187,15.43791058920915,,nan
35,26,26,673.2431271266588,807.6904761904761,27,0.3392857142857143,0.17261904761904762,0.2738095238095238,0.0,0.10714285714285714,n/a,n/a,23.291666666666664,1525.0210566050591,126.13877030128637,n/a,n/a,338.24158076954245,26.623256125999884,37.588383661498746,37.049000423566085,-16.709950971323845,-0.009802898923989948,,,165.5657738095226,,,,,0.0,0.4071496791761468,-0.07478580112573192,-1.1666588485240936,-0.6618751943820999,0.9939514724981218,0.3138294062976326,0.4091542556527115,0.6794429357562747,0.3305775671310368,n/a,n/a,n/a,n/a,33.84562246901795,138.07471679741963,0.0,,,,,,n/a,n/a,-0.09313907474279404,74.87139129638672,-3.552999258041382,0.018201613798737526,n/a,0.8864411115646362,-0.09313907474279404,n/a,n/a,n/a,n/a,n/a,n/a,n/a,n/a,10.68046498298645,,,-39.6118003527007,nan,nan,3.793714282409952,105.60998445526738,15.102987821800095,,nan
35,27,27,685.3679731303733,649.8404761904761,32,0.25476190476190474,0.375,0.32023809523809516,0.014285714285714287,0.03571428571428571,n/a,n/a,19.315476190476193,1487.3200795297691,149.35521976455055,n/a,n/a,370.70596429860274,19.49010196531469,27.650846325564036,32.1406742123701,-7.182141400013845,-0.006705038899898809,,,166.90003968254,,,,,0.0,0.4139269419087232,-0.06456838565576446,-1.1442050509509587,-0.6503698079358965,1.0199324735573359,0.31995278403517746,0.42122510263607615,0.6915885373950005,0.3323770402088052,n/a,n/a,n/a,n/a,43.29520254056366,158.88819673831227,0.0,,,,,,n/a,n/a,-0.006368036847561598,114.66230773925781,-3.5602972507476807,0.008324917405843735,n/a,0.8099991679191589,-0.006368036847561598,n/a,n/a,n/a,n/a,n/a,n/a,n/a,n/a,11.08000636100769,,,-30.42437059180117,nan,nan,4.412195702804841,88.54601062968263,13.135357344209085,,nan
35,28,28,630.4653432372426,608.9757575757576,26,0.2727272727272727,0.28787878787878785,0.34545454545454546,0.0,0.09393939393939393,n/a,n/a,19.39090909090909,1504.6083872880138,157.73182829971222,n/a,n/a,338.7602817150501,19.867925949506454,27.638190317619696,31.991864388787064,-6.414919014675499,-0.00160266392509774,,,134.54545454545513,,,,,0.0,0.4079430827222481,-0.06365485327092536,-1.1436774737907178,-0.6106427070317846,1.0097915392933468,0.3136058060960336,0.42862245675289273,0.6962105268781835,0.331338485714161,n/a,n/a,n/a,n/a,36.3237485544661,164.1868236879136,0.0,,,,,,n/a,n/a,0.03307858109474182,92.97065734863281,-3.5670764446258545,0.0030912321526557207,n/a,0.9272977113723755,0.03307858109474182,n/a,n/a,n/a,n/a,n/a,n/a,n/a,n/a,10.727941751480103,,,-28.087831517420497,nan,nan,5.191564842721336,93.59383431903899,13.380580355084806,,nan
35,29,29,404.01368395649183,938.2051282051283,26,0.23076923076923078,0.1346153846153846,0.21153846153846154,0.0,0.19230769230769232,n/a,n/a,15.365384615384615,1573.2919291432338,119.27429638623079,n/a,n/a,256.6269013574526,28.556864070399552,41.83524857455151,40.019957636246595,-16.410706663265408,-0.0091966125835369,,,1.1604700854703038,,,,,0.0,0.41604993312591704,-0.07339065791716282,-1.1680008268509154,-0.7105474196947538,1.0056892709854321,0.3206237371151264,0.43023233574170333,0.6843508886985289,0.32795786017026657,n/a,n/a,n/a,n/a,48.43342280507132,149.70842618619915,0.0,,,,,,n/a,n/a,0.1145099550485611,138.92037963867188,-3.5677144527435303,0.022309832274913788,n/a,0.9025235772132874,0.1145099550485611,n/a,n/a,n/a,n/a,n/a,n/a,n/a,n/a,10.680718898773193,,,-47.37401819898283,nan,nan,-8.412873626002341,90.48095399372089,17.5400833394842,,nan
35,30,30,681.7003796609555,703.22,26,0.27,0.30666666666666664,0.29,0.0,0.0,n/a,n/a,18.97,1501.4119536925245,225.7546418765337,n/a,n/a,335.69654274403973,19.060047645561987,28.09858595791112,33.73659471393686,-3.607708012688023e-05,-0.004370215101511217,,,209.02050000000003,,,,,0.0,0.415966576175445,-0.059013158009232326,-1.173193963766098,-0.6028789608677227,1.056805383960406,0.2982450204094251,0.4025285646319389,0.663487118879954,0.30107244397203126,n/a,n/a,n/a,n/a,64.62280316041497,173.8469243711495,0.0,,,,,,n/a,n/a,0.09265990555286407,66.34593963623047,-3.577838659286499,0.00819583609700203,n/a,0.9636316895484924,0.09265990555286407,n/a,n/a,n/a,n/a,n/a,n/a,n/a,n/a,10.820607662200928,,,-33.96012507183674,nan,nan,3.8494882121067144,71.292729837621,14.910421913796352,,nan
35,31,31,656.7005896549093,783.6940476190476,34,0.28928571428571426,0.2642857142857143,0.20833333333333331,0.0,0.07142857142857142,n/a,n/a,19.349999999999998,1479.3020607495698,126.38264393512868,n/a,n/a,336.673033012738,22.68859935551992,33.06641087263834,35.99920539216658,-13.635554868252425,-0.004195992437437868,,,168.97184523809554,,,,,0.0,0.4007135501222568,-0.0810930091987497,-1.1627189969732648,-0.6125806050109012,0.9918040675776345,0.3214036412537098,0.4187548273021267,0.6695061866726194,0.33110873571463995,n/a,n/a,n/a,n/a,39.022970836260654,159.6064846282157,0.0,,,,,,n/a,n/a,-0.32091188430786133,294.8380126953125,-3.5840582847595215,0.010220621712505817,n/a,0.6074439287185669,-0.32091188430786133,n/a,n/a,n/a,n/a,n/a,n/a,n/a,n/a,10.778130769729614,,,-37.67203924109004,nan,nan,1.5114668719349684,94.15138975602281,14.950429257572896,,nan
35,32,32,619.7676030762581,523.4611111111111,35,0.24999999999999997,0.26666666666666666,0.3055555555555555,0.0,0.08888888888888888,n/a,n/a,21.433333333333334,1566.4285299302496,164.04620537189774,n/a,n/a,367.42014955588826,18.01443470564245,24.44977692772011,22.317028334074745,-8.998637318201077,-0.002539382259107882,,,130.28027777777788,,,,,0.0,0.4175783084086295,-0.052080598088731576,-1.1310145364867314,-0.6538664334350162,1.0479183157285055,0.31614181995391843,0.41934429009755453,0.6940154161718156,0.316865536570549,n/a,n/a,n/a,n/a,25.746116814502866,167.90126722678775,0.0,,,,,,n/a,n/a,-0.058163147419691086,119.5799789428711,-3.591376543045044,0.005925037898123264,n/a,0.9641737937927246,-0.058163147419691086,n/a,n/a,n/a,n/a,n/a,n/a,n/a,n/a,10.652084350585938,,,-25.9353163509185,nan,nan,1.9454194686233355,78.40526073337715,11.87174862453288,,nan
35,33,33,425.79841731837143,700.7738095238094,28,0.13095238095238096,0.48214285714285715,0.20238095238095236,0.0,0.1130952380952381,n/a,n/a,15.767857142857142,1397.1532147567723,128.7936676803258,n/a,n/a,283.08881193294303,17.662578824135633,26.934141862905555,35.140795516511,-18.68478766665182,-0.0018904701980173339,,,20.22222222222236,,,,,0.0,0.41173439589598015,-0.08236257270688101,-1.2290975451469421,-0.5641803274906817,1.0321606550188291,0.32831575836808913,0.4001172403139727,0.6319278173503421,0.32430808299354147,n/a,n/a,n/a,n/a,64.48047407662803,167.90542784078565,0.0,,,,,,n/a,n/a,0.03460797294974327,114.1595458984375,-3.5728089809417725,0.007426173891872168,n/a,0.9697598814964294,0.03460797294974327,n/a,n/a,n/a,n/a,n/a,n/a,n/a,n/a,10.34087347984314,,,-31.727895967392516,nan,nan,3.6103602652045725,73.60929173787619,15.944789060815324,,nan
35,34,34,704.8099164127148,551.4916666666667,42,0.34270833333333334,0.29583333333333334,0.2677083333333333,0.0,0.03125,n/a,n/a,19.717708333333334,1597.4638111577847,167.66911765061798,n/a,n/a,353.1026312302331,17.514441742884653,24.370148998927835,24.461290755060475,-18.956840660621964,-0.0035291280116858796,,,237.43824652777818,,,,,0.0,0.41764709474619455,-0.041875450208560025,-1.1097626967976493,-0.6594262684307373,1.0478721678256988,0.3121815426275134,0.4287260222559174,0.7036986346356571,0.31161932401979964,n/a,n/a,n/a,n/a,23.521363112433264,172.0339543245587,0.0,,,,,,n/a,n/a,0.027893148362636566,151.74713134765625,-3.5562586784362793,0.017606232315301895,n/a,0.8952889442443848,0.027893148362636566,n/a,n/a,n/a,n/a,n/a,n/a,n/a,n/a,10.737566232681274,,,-27.686340709068517,nan,nan,1.688802736129925,81.58343054761441,11.297634371788327,,nan
35,35,35,550.9715195636867,597.7307692307692,30,0.23717948717948717,0.4423076923076923,0.21794871794871792,0.0,0.10256410256410256,n/a,n/a,19.173076923076923,1586.3825518045342,150.78165589473548,n/a,n/a,339.69026785095707,17.659600278694782,24.82884708066064,25.48188545330174,-25.11271086026965,-0.002248984289412318,,,108.39412393162418,,,,,0.0,0.4086640125890217,-0.056326819880781934,-1.1425609729993036,-0.622503936290741,1.0163465661880298,0.3159621346455354,0.42659305685605753,0.6834382177927556,0.31458265372575855,n/a,n/a,n/a,n/a,30.3254213730001,168.93654035898186,0.0,,,,,,n/a,n/a,-0.19633467495441437,157.91331481933594,-3.562581777572632,0.017163941636681557,n/a,0.7862143516540527,-0.19633467495441437,n/a,n/a,n/a,n/a,n/a,n/a,n/a,n/a,10.317370891571045,,,-29.933966179535386,nan,nan,1.922189054785907,75.11609669470988,12.927435243047,,nan
35,36,36,454.42448915751356,619.9625,38,0.2,0.340625,0.29270833333333335,0.0,0.16666666666666666,n/a,n/a,17.40625,1525.2392412441352,142.90138963263692,n/a,n/a,294.76967069419226,19.84181586607652,27.684771587981718,28.157844641780823,-21.060986032340473,-0.0008443143786640293,,,31.849166666666925,,,,,0.0,0.4128052244474505,-0.060303472069790594,-1.1509964123368264,-0.6581289338568846,1.033871098111073,0.3147560560765366,0.42715139845386146,0.6766104731708765,0.3218764557192723,n/a,n/a,n/a,n/a,38.66676586430298,166.16243790295078,0.0,,,,,,n/a,n/a,-0.33642226457595825,238.0449676513672,-3.5459680557250977,0.011609121225774288,n/a,0.8276764154434204,-0.33642226457595825,n/a,n/a,n/a,n/a,n/a,n/a,n/a,n/a,10.578291416168213,,,-30.723224710229566,nan,nan,2.8370459451242547,87.91648797659394,13.15274083604589,,nan
35,37,37,682.4625336135879,450.85641025641024,34,0.3551282051282051,0.2012820512820513,0.3474358974358974,0.0,0.09615384615384616,n/a,n/a,19.53974358974359,1549.7304708670204,160.83583236570445,n/a,n/a,357.5206785790803,15.469485935941577,20.5536625162298,19.562827215409158,-8.155405925383771,-0.001162822006570802,,,203.4016452991456,,,,,0.0,0.4175919858032526,-0.03128041642821,-1.0971170156429975,-0.6673782846675469,1.0424016873805952,0.30817169631138824,0.429478280322674,0.7122540640525329,0.31090327856632377,n/a,n/a,n/a,n/a,25.56823703670545,162.60828531291233,0.0,,,,,,n/a,n/a,0.12236827611923218,190.94654846191406,-3.564634084701538,0.005784308072179556,n/a,0.9218262434005737,0.12236827611923218,n/a,n/a,n/a,n/a,n/a,n/a,n/a,n/a,10.36375904083252,,,-22.147534474552273,nan,nan,6.378725472333048,79.2722708193036,10.607340998087317,,nan
35,38,38,620.1919425648429,624.8154761904763,34,0.21428571428571427,0.20238095238095236,0.4047619047619047,0.0,0.03571428571428571,n/a,n/a,17.916666666666664,1516.3941804034814,177.94329183184345,n/a,n/a,358.0660158276655,18.15079856394932,25.686545757404296,32.724129837108435,-9.669404617193036,-0.00516200707443798,,,119.91468253968273,,,,,0.0,0.4171211437411932,-0.061349250441924685,-1.1600261259646643,-0.5913169653642745,1.0485266525120962,0.3065177248347373,0.41060575186496695,0.7059328744099254,0.3113413286351023,n/a,n/a,n/a,n/a,42.42999698274439,164.99322742462817,0.0,,,,,,n/a,n/a,0.16952720284461975,90.41410827636719,-3.5307881832122803,0.013067319989204407,n/a,0.9333549737930298,0.16952720284461975,n/a,n/a,n/a,n/a,n/a,n/a,n/a,n/a,10.559401512145996,,,-28.951089642328633,nan,nan,5.752804546417012,86.30826897993215,12.214352779279334,,nan
35,39,39,482.2711673873618,522.8636363636364,33,0.18484848484848485,0.28787878787878785,0.3878787878787879,0.0,0.13939393939393938,n/a,n/a,19.166666666666664,1655.5608910163146,158.11511816347226,n/a,n/a,353.78106161781454,16.487522761912867,22.281837020271407,20.177106207870594,-11.741530503824409,-0.004688416369711222,,,23.683055555555413,,,,,0.0,0.41436144837319505,-0.05328335793771354,-1.119139335191611,-0.6573648007530155,1.0384356142896594,0.314469797435132,0.43586120348085056,0.7146663318077724,0.3106798541139473,n/a,n/a,n/a,n/a,35.147475242285616,163.32890513683557,0.0,,,,,,n/a,n/a,-0.26415112614631653,187.66732788085938,-3.5330207347869873,0.006061115767806768,n/a,0.7875625491142273,-0.26415112614631653,n/a,n/a,n/a,n/a,n/a,n/a,n/a,n/a,10.957249879837036,,,-27.227641796665033,nan,nan,-5.034234244555479,77.93743270774098,11.931246477610541,,nan
35,40,40,482.3604942525964,636.5678571428572,34,0.28809523809523807,0.22857142857142856,0.2630952380952381,0.0,0.19642857142857142,n/a,n/a,18.84404761904762,1547.7672409670154,152.8282525545704,n/a,n/a,312.8728669997989,18.386089813386157,26.223180902119708,29.15249530828686,-23.883223152441268,-0.007204760090417696,,,59.3772619047621,,,,,0.0,0.4087340750850507,-0.06811344008033518,-1.169009370747067,-0.6199339630348343,1.0278438363046873,0.30827588462049055,0.4359316046039264,0.6794814793836503,0.3185607509066661,n/a,n/a,n/a,n/a,33.6949709895968,148.2573711437873,0.0,,,,,,n/a,n/a,0.019913645461201668,104.78959655761719,-3.511045455932617,0.03993437811732292,n/a,0.9559394121170044,0.019913645461201668,n/a,n/a,n/a,n/a,n/a,n/a,n/a,n/a,11.063087701797485,,,-30.87547679532057,nan,nan,-0.05035078359783159,77.66640345704243,13.49845135865036,,nan
35,41,41,433.5517187865651,669.8822222222223,32,0.16,0.45444444444444443,0.23555555555555555,0.0,0.08333333333333333,n/a,n/a,15.336666666666668,1395.493574094998,144.15178195476454,n/a,n/a,247.01701090710043,18.16194776936296,27.258648117333063,34.39116504452841,-7.661049494891598,-0.0007357684498865996,,,61.7939999999998,,,,,0.0,0.4128969267015863,-0.08171069953176711,-1.21784191456106,-0.5830821301208602,1.0195088673300212,0.3048202385173904,0.4111124972171254,0.66158185283343,0.32085715452829994,n/a,n/a,n/a,n/a,64.88275664625503,170.0366165387185,0.0,,,,,,n/a,n/a,0.0660606175661087,135.9326934814453,-3.509232521057129,0.011114684864878654,n/a,0.940893828868866,0.0660606175661087,n/a,n/a,n/a,n/a,n/a,n/a,n/a,n/a,10.677402973175049,,,-31.07478626120335,nan,nan,5.168866694612469,66.44404953138434,12.052602246788615,,nan
35,42,42,549.3493163047403,637.0916666666667,29,0.25,0.41250000000000003,0.2333333333333333,0.0,0.10416666666666667,n/a,n/a,18.075,1541.7929616603808,134.55529377566265,n/a,n/a,324.841692684045,18.95401063818122,26.661132013571986,28.27872880374524,-29.724086550864318,-0.0013017500128868654,,,114.5458333333337,,,,,0.0,0.40609121019374655,-0.08532633473805618,-1.147632896900177,-0.6625414908863604,1.0185160979628562,0.30153625980019566,0.44031625327964624,0.6874552413821221,0.3324846973021825,n/a,n/a,n/a,n/a,65.14050419381125,161.26080799176134,0.0,,,,,,n/a,n/a,-0.27186015248298645,131.70907592773438,-3.5038092136383057,0.01562652364373207,n/a,0.9202411770820618,-0.27186015248298645,n/a,n/a,n/a,n/a,n/a,n/a,n/a,n/a,10.87010407447815,,,-31.861460343455008,nan,nan,3.2276607698940443,81.50402796208415,12.923078744217399,,nan
35,43,43,618.1326342619218,769.0444444444445,30,0.3722222222222222,0.23333333333333334,0.15555555555555553,0.0,0.11666666666666667,n/a,n/a,16.47222222222222,1391.7915521657708,121.03683232624309,n/a,n/a,294.9059116072853,20.84546497257893,31.181012694556657,41.08434196544217,-18.9476560034709,-0.003975278023279533,,,174.85879629629665,,,,,0.0,0.4060365521870481,-0.09182456861146623,-1.191921877198749,-0.6104954802327687,1.003818267583847,0.3125024285581377,0.40114559514655007,0.6735770983828439,0.3378083462516467,n/a,n/a,n/a,n/a,62.442752633355056,157.94606517625718,0.0,,,,,,n/a,n/a,-0.009833860211074352,153.2783203125,-3.502082586288452,0.017513148486614227,n/a,0.9569756984710693,-0.009833860211074352,n/a,n/a,n/a,n/a,n/a,n/a,n/a,n/a,10.611318588256836,,,-34.13723695236645,nan,nan,5.386773143879385,88.37302135616743,14.586180459575532,,nan
35,44,44,587.4481238809268,463.425,39,0.2869047619047619,0.18928571428571428,0.4107142857142857,0.0,0.1130952380952381,n/a,n/a,20.398809523809526,1560.9954793660852,190.3407301937296,n/a,n/a,375.8861472925176,14.233159677666208,19.334496536527784,21.233060714035027,-21.39187783343279,-0.0021382287199227076,,,114.93771825396831,,,,,0.0,0.4154163302428107,-0.06031570830507138,-1.1670762851124719,-0.626627455013139,1.0452287815866017,0.29393903009948275,0.4101841833619844,0.718660924122447,0.31402068805126915,n/a,n/a,n/a,n/a,45.76209568768479,167.8650125692008,0.0,,,,,,n/a,n/a,-0.26242199540138245,127.92562866210938,-3.5110974311828613,0.006551299709826708,n/a,0.8212589025497437,-0.26242199540138245,n/a,n/a,n/a,n/a,n/a,n/a,n/a,n/a,11.206597805023193,,,-22.685913379060253,nan,nan,4.98204009523336,70.60290513097327,10.318525621218237,,nan
35,45,45,598.370606686989,695.8809523809523,28,0.32142857142857145,0.3333333333333333,0.23809523809523808,0.0,0.03571428571428571,n/a,n/a,16.583333333333332,1503.5238976164312,125.79133502754904,n/a,n/a,302.42835161401166,20.791976950493616,29.93886291536401,33.367289051233726,-16.23652341246205,-0.0018808121270242266,,,163.7589285714289,,,,,0.0,0.4076931095493208,-0.08617747477858627,-1.1874555519648962,-0.6212468879918258,0.9995634875127247,0.31962563736098154,0.4091992481123833,0.6830595206646694,0.32380486208768117,n/a,n/a,n/a,n/a,51.11757074002329,166.43066966293594,0.0,,,,,,n/a,n/a,0.09054151922464371,68.56156158447266,-3.54099440574646,0.004676631186157465,n/a,0.9721179008483887,0.09054151922464371,n/a,n/a,n/a,n/a,n/a,n/a,n/a,n/a,10.560673952102661,,,-33.18773341046874,nan,nan,-0.6142995187928755,83.91880642054115,14.206828317766687,,nan
35,46,46,547.5954797855693,666.5,27,0.26190476190476186,0.369047619047619,0.2261904761904762,0.0,0.14285714285714285,n/a,n/a,18.01190476190476,1527.6323510275836,145.91857157902388,n/a,n/a,321.3183555022786,19.36536530786237,27.831013794740805,31.052191014387937,-21.767547207861544,-0.0017497367824218328,,,100.23253968253987,,,,,0.0,0.4012650861420938,-0.08320741917261677,-1.1644255951756521,-0.6306004384976057,1.0107639133930209,0.309295870541107,0.41981681400821325,0.6789584621077491,0.32285695132755093,n/a,n/a,n/a,n/a,58.88053589395156,172.14016476468643,0.0,,,,,,n/a,n/a,0.028118768706917763,162.70924377441406,-3.558509349822998,0.006779451388865709,n/a,0.9587274789810181,0.028118768706917763,n/a,n/a,n/a,n/a,n/a,n/a,n/a,n/a,10.386190176010132,,,-32.22055309578455,nan,nan,2.4490606143345603,85.49181353788518,13.844990371968501,,nan
35,47,47,718.7417440978411,637.1923076923077,29,0.37179487179487175,0.2756410256410256,0.25,0.0,0.07692307692307693,n/a,n/a,24.064102564102562,1617.331166162333,136.54348327786494,n/a,n/a,354.76163471858666,20.498296365005146,27.626152002746355,25.188116482631393,-7.271886066970021,-0.0023830323421773535,,,221.62072649572727,,,,,0.0,0.4034476447419806,-0.05533996865576158,-1.136136463437325,-0.6658035669571315,1.0128290450725799,0.2969488923748334,0.42942191412051517,0.6962268272271523,0.32133069443397033,n/a,n/a,n/a,n/a,47.127778172730636,148.62235809196804,0.0,,,,,,n/a,n/a,-0.22513127326965332,153.85511779785156,-3.553100824356079,0.008641131222248077,n/a,0.6304267644882202,-0.22513127326965332,n/a,n/a,n/a,n/a,n/a,n/a,n/a,n/a,10.59205412864685,,,-34.18548894187198,nan,nan,1.3871767782864448,94.43595074265474,14.68344855338746,,nan
35,48,48,540.2936312358977,731.65,35,0.255952380952381,0.20476190476190473,0.28928571428571426,0.0,0.10714285714285714,n/a,n/a,17.61547619047619,1583.6012419624728,124.00278288112396,n/a,n/a,309.48431762510126,22.247908798716164,32.14795728997586,31.186317088290657,-8.136699286916253,-0.003502679810084838,,,93.78263888888902,,,,,0.0,0.40296930900680067,-0.0592468971746885,-1.1460833833331152,-0.650687143490428,0.9929622149183636,0.3088609095485438,0.4324786714145116,0.6916666012434732,0.3358981342542739,n/a,n/a,n/a,n/a,43.75273094323661,158.00713503197954,0.0,,,,,,n/a,n/a,0.10345368087291718,96.75537109375,-3.547844648361206,0.005730629898607731,n/a,0.9727526903152466,0.10345368087291718,n/a,n/a,n/a,n/a,n/a,n/a,n/a,n/a,11.222291707992554,,,-37.20397260310913,nan,nan,-2.9111081153618303,84.79228602641656,14.90748820370528,,nan
35,49,49,579.0477738586065,572.6785714285714,32,0.19047619047619047,0.4107142857142857,0.3273809523809524,0.07142857142857142,0.0,n/a,n/a,17.565476190476186,1582.7157352710456,160.19819973269315,n/a,n/a,314.60224048812466,16.93925159022732,24.171516526220124,23.4770696188255,-3.1407353397092534,-0.004910610378054422,,,144.302777777778,,,,,0.0,0.4143230924804574,-0.05140440196902048,-1.145075466661226,-0.6483729602325531,1.0336670676867168,0.29555200004861465,0.42723020999914124,0.7185638688859486,0.31861174390429536,n/a,n/a,n/a,n/a,39.913750606938535,169.93323341781033,0.0,,,,,,n/a,n/a,-0.09965068101882935,103.39493560791016,-3.5793490409851074,0.006835136562585831,n/a,0.7000733613967896,-0.09965068101882935,n/a,n/a,n/a,n/a,n/a,n/a,n/a,n/a,10.689398288726807,,,-29.057817649169316,nan,nan,4.032084079135321,70.73387016274873,12.992427214803481,,nan
35,50,50,404.57956273113894,796.8857142857144,27,0.07142857142857142,0.6619047619047619,0.1952380952380952,0.0,0.07142857142857142,n/a,n/a,13.99047619047619,1309.469051684929,168.84283640410356,n/a,n/a,247.58073425615504,20.331164429571913,30.574776340649198,46.26786156010028,-25.116855736538103,-0.0009224307763418731,,,5.236904761904782,,,,,0.0,0.39829921890994274,-0.1132412761191344,-1.2259671401409875,-0.5399114171708269,0.9889695921114513,0.3048091908650739,0.40448082671279,0.6775160532622111,0.331105427585897,n/a,n/a,n/a,n/a,103.94179954997198,178.80380554142707,0.0,,,,,,n/a,n/a,-0.018921831622719765,69.32803344726562,-3.554600477218628,0.0074563948437571526,n/a,0.9837894439697266,-0.018921831622719765,n/a,n/a,n/a,n/a,n/a,n/a,n/a,n/a,10.449094772338867,,,-33.755587146134204,nan,nan,5.44498908517441,93.11559448490206,14.900903126129808,,nan
35,51,51,480.1340434829759,757.175,24,0.16666666666666666,0.3416666666666667,0.29166666666666663,0.0,0.1,n/a,n/a,14.883333333333335,1470.4981227212327,128.7548590363061,n/a,n/a,273.55808401438605,20.80386165544973,31.235850495147655,36.47597457103772,-10.95929721074128,-0.0285204055574394,,,56.74305555555571,,,,,0.0,0.4070131860609966,-0.0805239657134128,-1.1948498706022899,-0.608317715426286,0.9977870355049768,0.30663660640517876,0.4248383392890295,0.68883941223224,0.326197391996781,n/a,n/a,n/a,n/a,58.19895767785302,163.44247722184878,0.0,,,,,,n/a,n/a,-0.08500978350639343,139.35804748535156,-3.5205817222595215,0.011187729425728321,n/a,0.9251510500907898,-0.08500978350639343,n/a,n/a,n/a,n/a,n/a,n/a,n/a,n/a,10.7001211643219,,,-35.527071268634224,nan,nan,3.450186182002777,89.91914623724824,14.462773657080845,,nan
35,52,52,620.8307651056973,722.5555555555554,38,0.3222222222222222,0.2833333333333333,0.2222222222222222,0.0,0.10555555555555556,n/a,n/a,17.611111111111107,1491.521666352646,131.55289893086223,n/a,n/a,309.5689278990229,21.514532483651774,30.600334084957986,36.59658419951839,-21.121554134105686,-0.0014813353889114812,,,167.3979629629631,,,,,0.0,0.40365747273962754,-0.07972354281745438,-1.1718130366669761,-0.6181634328431553,1.0041232605775197,0.3112302159269651,0.42275083710749944,0.6884597665733762,0.324739418261581,n/a,n/a,n/a,n/a,62.04525105175653,160.55763932279024,0.0,,,,,,n/a,n/a,-0.11943039298057556,235.70309448242188,-3.519009828567505,0.005440905690193176,n/a,0.8467961549758911,-0.11943039298057556,n/a,n/a,n/a,n/a,n/a,n/a,n/a,n/a,10.93005108833313,,,-34.28089800429692,nan,nan,2.9539038489045084,93.29781459520986,14.304638505260261,,nan
35,53,53,512.3715903613058,494.26111111111106,33,0.15555555555555553,0.43333333333333335,0.38888888888888895,0.0,0.02222222222222222,n/a,n/a,17.661111111111108,1557.5840570170524,195.06171608041797,n/a,n/a,307.43004250486604,14.194977886095879,20.21761050650455,21.279790249743133,-3.677756723235666,-0.000584659623429679,,,101.40518518518542,,,,,0.0,0.4053418386002325,-0.04350630057548794,-1.1339474545584785,-0.6257702165179782,1.0344685395558675,0.29136278074648647,0.4267711697353257,0.6943663318951925,0.3146199443274074,n/a,n/a,n/a,n/a,48.92513455129416,169.11765424395293,0.0,,,,,,n/a,n/a,0.04743226617574692,65.5169677734375,-3.5689990520477295,0.005226640962064266,n/a,0.9848493337631226,0.04743226617574692,n/a,n/a,n/a,n/a,n/a,n/a,n/a,n/a,10.668051958084106,,,-24.885756389172276,nan,nan,4.6287234994665996,60.46483152202095,11.31452677945478,,nan
35,54,54,507.2230094046964,615.875,22,0.275,0.25,0.3333333333333333,0.0,0.14166666666666666,n/a,n/a,17.991666666666667,1526.3570288521773,168.1786353703532,n/a,n/a,327.2575822442927,16.63596742255575,24.299856325604395,30.547593854696025,-19.080692432459976,-0.0027328713005873124,,,71.86625000000022,,,,,0.0,0.4062955428789996,-0.07839029703754932,-1.190427154302597,-0.5886433949073157,1.016156563659509,0.28440926745533945,0.4086957479516665,0.687733992934227,0.31418940499424935,n/a,n/a,n/a,n/a,61.12942624457455,166.4535477127286,0.0,,,,,,n/a,n/a,-0.17328870296478271,97.87361907958984,-3.561152219772339,0.010938690975308418,n/a,0.35833650827407837,-0.17328870296478271,n/a,n/a,n/a,n/a,n/a,n/a,n/a,n/a,10.724025249481201,,,-29.78527286655617,nan,nan,1.1652418770098234,72.06822899518534,12.250986855668957,,nan
35,55,55,522.6041325361664,825.728888888889,33,0.24888888888888888,0.18888888888888886,0.2511111111111111,0.0,0.12222222222222222,n/a,n/a,19.326666666666664,1439.0985073015347,122.14852776431486,n/a,n/a,302.5897763354715,24.190501363455855,35.53957257314555,40.632823427475174,-20.461723448789225,-0.03788622190108268,,,72.4210740740741,,,,,0.0,0.4107066543965896,-0.0690560530581408,-1.1692869838741091,-0.6444228181242942,1.0163472587532467,0.32836159249146774,0.4228637830416362,0.6524980294042163,0.30937586343950696,n/a,n/a,n/a,n/a,41.207059379942315,148.1778681248049,0.0,,,,,,n/a,n/a,-0.027951950207352638,139.44281005859375,-3.536766767501831,0.014470558613538742,n/a,0.9042133092880249,-0.027951950207352638,n/a,n/a,n/a,n/a,n/a,n/a,n/a,n/a,10.83762240409851,,,-37.508978128283495,nan,nan,0.4871865743885254,88.47153124586261,16.28025474126661,,nan
35,56,56,596.9267817800493,563.4688888888888,38,0.2711111111111111,0.2633333333333333,0.3433333333333333,0.0,0.12222222222222222,n/a,n/a,21.334444444444443,1611.342234401262,151.17133194634187,n/a,n/a,375.2408117863421,17.43547635683267,23.923692965816986,22.625367273269053,-33.879166035188526,-0.0006802188462390797,,,115.55859259259313,,,,,0.0,0.40864599111253114,-0.06021323044651783,-1.1502029036151038,-0.6127285064260164,1.0138920698563259,0.28906451124284,0.4208588833941354,0.7136899548768997,0.3154019685586294,n/a,n/a,n/a,n/a,36.25442291840272,170.21438401723563,0.0,,,,,,n/a,n/a,-0.2291622757911682,228.7612762451172,-3.552104949951172,0.010037058033049107,n/a,0.7706670165061951,-0.2291622757911682,n/a,n/a,n/a,n/a,n/a,n/a,n/a,n/a,10.73095965385437,,,-30.095950067964118,nan,nan,5.816545824244093,87.08400765237694,13.21808365057319,,nan
35,57,57,324.2776817296219,713.3787878787879,22,0.18484848484848485,0.2681818181818182,0.27424242424242423,0.0,0.2727272727272727,n/a,n/a,14.316666666666668,1526.4737936330139,130.4872432293234,n/a,n/a,269.79789576748675,20.226480224586872,29.467674177442486,32.66924781177656,-31.618392437438263,-0.00048116318575477446,,,-57.37156565656532,,,,,0.0,0.4036487929987254,-0.07475980047566928,-1.151307835000934,-0.6497791092504155,0.9869495485768173,0.30392430998159176,0.4347584134249976,0.6912114950743589,0.32057184328635535,n/a,n/a,n/a,n/a,71.5480060913445,158.33810465432043,0.0,,,,,,n/a,n/a,-0.20934052765369415,148.6232452392578,-3.540170431137085,0.012550602667033672,n/a,0.6260367631912231,-0.20934052765369415,n/a,n/a,n/a,n/a,n/a,n/a,n/a,n/a,10.274614810943604,,,-35.581998672773125,nan,nan,-3.5561935688794986,86.17636044287605,14.068654804295152,,nan
35,58,58,353.3837517069698,742.78125,31,0.16666666666666666,0.4270833333333333,0.19791666666666663,0.0,0.1875,n/a,n/a,15.572916666666668,1481.5359843304664,143.8389451316241,n/a,n/a,285.9655563873618,19.078078957650686,29.118790037360256,36.84236374729369,-14.852635969325629,-0.0008442136780516998,,,-51.806944444444355,,,,,0.0,0.4013180357373649,-0.08362131627169825,-1.2186248650153477,-0.5635734046809375,0.9909084166089693,0.29702192948510253,0.4219206708172957,0.671696527240177,0.3200070563082894,n/a,n/a,n/a,n/a,71.30428620722054,165.51091503980143,0.0,,,,,,n/a,n/a,0.003902355907484889,193.82276916503906,-3.551218271255493,0.050007279962301254,n/a,0.7246811389923096,0.003902355907484889,n/a,n/a,n/a,n/a,n/a,n/a,n/a,n/a,10.435372114181519,,,-35.878330879723855,nan,nan,-3.1201910184247064,74.45336604578618,13.584543057113677,,nan
35,59,59,321.3104974264118,663.7435897435898,23,0.17948717948717946,0.3589743589743589,0.23076923076923078,0.0,0.23076923076923078,n/a,n/a,14.076923076923077,1354.1221673174498,140.3342097466462,n/a,n/a,244.46438210969265,17.291120488500425,26.258824384665996,35.7217395768312,-28.99141191586996,-0.0005807362912598675,,,-29.873504273503823,,,,,0.0,0.39627172739264677,-0.09465945227286564,-1.2360589557733292,-0.5432410767445197,0.9781195391447117,0.31965860151327574,0.41688250387326264,0.6528667379648257,0.3240826152838193,n/a,n/a,n/a,n/a,60.949650795673875,150.60180095189634,0.0,,,,,,n/a,n/a,-0.26352545619010925,153.049560546875,-3.5298783779144287,0.017507893964648247,n/a,0.8032509684562683,-0.26352545619010925,n/a,n/a,n/a,n/a,n/a,n/a,n/a,n/a,10.03101134300232,,,-29.41005948729531,nan,nan,0.4871447644604825,73.09142127938358,12.271421235837845,,nan
35,60,60,590.7195836107404,686.1388888888889,32,0.2722222222222222,0.31111111111111106,0.2722222222222222,0.0,0.12222222222222222,n/a,n/a,20.916666666666668,1461.0942105980726,121.11157098969775,n/a,n/a,342.23366698932585,21.09728337279238,29.50373988500065,31.667550324294766,-33.78914555820836,-0.001549196671217685,,,110.83546296296294,,,,,0.0,0.3969875987472034,-0.08957622111176736,-1.1740468839804332,-0.6014386554559071,0.9620367778672112,0.32215815020932087,0.4205542334251934,0.6833266403939988,0.32801174637344144,n/a,n/a,n/a,n/a,52.96960508384979,155.52960102442802,0.0,,,,,,n/a,n/a,0.05339362844824791,86.60208129882812,-3.5265965461730957,0.0060555278323590755,n/a,0.9802219867706299,0.05339362844824791,n/a,n/a,n/a,n/a,n/a,n/a,n/a,n/a,10.832732200622559,,,-32.70125379832611,nan,nan,2.776579142766778,104.60542785593861,14.491821630864267,,nan
35,61,61,521.2987383008881,669.7916666666666,26,0.34027777777777773,0.22916666666666666,0.1875,0.0,0.1597222222222222,n/a,n/a,19.784722222222225,1515.868581053248,137.32296329181773,n/a,n/a,322.048647990292,21.950205369992933,30.467787482852604,25.943292922761383,-38.48323067212186,-0.0034071348626411534,,,78.42141203703758,,,,,0.0,0.4078755157603971,-0.07892509715909707,-1.1563279732233946,-0.6842018947419194,0.9692452732059692,0.33656382467597723,0.44906688295304775,0.7119850628077984,0.3421030305325985,n/a,n/a,n/a,n/a,25.543195381681414,135.62676326175867,0.0,,,,,,n/a,n/a,0.18405671417713165,138.59140014648438,-3.5349364280700684,0.013401642441749573,n/a,0.8557402491569519,0.18405671417713165,n/a,n/a,n/a,n/a,n/a,n/a,n/a,n/a,10.464832305908203,,,-34.04330579009215,nan,nan,-0.26445162805977646,101.05741277461983,14.204374948468129,,nan
35,62,62,471.19137531577786,833.1653846153846,28,0.15,0.3,0.31923076923076926,0.0,0.15384615384615385,n/a,n/a,17.75,1414.089471556786,127.67878490929613,n/a,n/a,305.095340746644,23.67126272142815,34.71736072499536,42.65047436256137,-17.119819132966164,-0.0016711779152401745,,,0.901346153844558,,,,,0.0,0.4045739820247633,-0.08807023253556018,-1.2089745512375465,-0.5909623581629533,0.9880390701385645,0.32098768622829366,0.4165724060856379,0.6652260491481194,0.3353054858171023,n/a,n/a,n/a,n/a,66.71328982973836,170.7091192432053,0.0,,,,,,n/a,n/a,-0.22381708025932312,156.04672241210938,-3.537116050720215,0.016151834279298782,n/a,0.8937422633171082,-0.22381708025932312,n/a,n/a,n/a,n/a,n/a,n/a,n/a,n/a,10.76835036277771,,,-37.78477092269531,nan,nan,2.870983874826101,100.37304290662739,15.817825058427475,,nan
35,63,63,619.9571401177808,620.6833333333333,37,0.1722222222222222,0.3555555555555555,0.4055555555555555,0.0,0.0,n/a,n/a,18.1,1510.7510780546013,163.13168376885787,n/a,n/a,364.4219024275306,20.44414633006193,28.290472637912618,30.351750062892712,-17.195137418213182,-0.0020968166151645105,,,104.2010185185186,,,,,0.0,0.4253079410145068,-0.061180389381479475,-1.1548900011512968,-0.6477183103561401,1.0351001818974812,0.31668818336394094,0.4107015523645613,0.7279678079817029,0.3278191155029668,n/a,n/a,n/a,n/a,51.34752348000972,167.7202861240204,0.0,,,,,,n/a,n/a,-0.1617942601442337,133.0634002685547,-3.5491960048675537,0.005995177663862705,n/a,0.940219521522522,-0.1617942601442337,n/a,n/a,n/a,n/a,n/a,n/a,n/a,n/a,11.138588666915894,,,-28.72398000137091,nan,nan,4.75889637130785,100.83361179444478,12.576556211310955,,nan
35,64,64,447.9553525493176,581.9702380952381,30,0.21428571428571427,0.3630952380952381,0.3154761904761904,0.0,0.10714285714285714,n/a,n/a,16.452380952380953,1486.1183084070985,161.98775016336296,n/a,n/a,297.1927772402479,15.919741380023464,23.212354912721196,30.37442984377441,-8.467642725369082,-0.0017148065411454604,,,34.33511904761915,,,,,0.0,0.40484660397271127,-0.07550246592256285,-1.205650651029178,-0.5705925777909302,1.0064986014649981,0.2835300824649277,0.3975256110231081,0.678825573907012,0.3141610510647297,n/a,n/a,n/a,n/a,62.52243444021182,176.3360623099949,0.0,,,,,,n/a,n/a,-0.1381172388792038,149.9928741455078,-3.5314064025878906,0.007488543633371592,n/a,0.9253125190734863,-0.1381172388792038,n/a,n/a,n/a,n/a,n/a,n/a,n/a,n/a,10.814451217651367,,,-27.07203951607309,nan,nan,2.2537006576839107,69.48566173985607,10.722964775374894,,nan
35,65,65,511.3795064597298,554.552380952381,32,0.18095238095238095,0.38690476190476186,0.33690476190476193,0.0,0.07142857142857142,n/a,n/a,15.44404761904762,1484.6208154047551,185.0195983282394,n/a,n/a,313.90004093458083,15.044064701624349,21.94554287396706,28.8403607551574,-16.427139094264025,-0.002085191404754655,,,90.75412698412698,,,,,0.0,0.4056642555216155,-0.06735808055839568,-1.2061419153497333,-0.5589633550317514,1.0142901804475557,0.2778469667548225,0.39265237588967594,0.6773140722797031,0.293377212505965,n/a,n/a,n/a,n/a,43.237154824174254,178.48944941558824,0.0,,,,,,n/a,n/a,0.10316478461027145,112.45985412597656,-3.53407621383667,0.008486977778375149,n/a,0.971898078918457,0.10316478461027145,n/a,n/a,n/a,n/a,n/a,n/a,n/a,n/a,11.246347188949585,,,-25.519726889395315,nan,nan,5.736852212222262,66.19264996680083,10.914819206314098,,nan
35,66,66,465.9656933346116,755.1564102564103,30,0.0641025641025641,0.5256410256410255,0.35641025641025637,0.0,0.015384615384615385,n/a,n/a,15.053846153846154,1510.1882090880827,137.16911731936202,n/a,n/a,279.59611443994555,20.348956582000127,30.528912198881375,38.30905044183223,-5.524904753251679,-0.003069779109176084,,,38.0668803418804,,,,,0.0,0.4089556574693835,-0.08077921681591155,-1.1870628065023667,-0.5852957125657644,1.0029860572937208,0.31407855474031887,0.41170637592291215,0.6779634530727681,0.3095102092394462,n/a,n/a,n/a,n/a,63.75566397208368,172.3360330884871,0.0,,,,,,n/a,n/a,0.086245596408844,113.34280395507812,-3.522775888442993,0.008734097704291344,n/a,0.9366494417190552,0.086245596408844,n/a,n/a,n/a,n/a,n/a,n/a,n/a,n/a,10.495927572250366,,,-34.703106216074,nan,nan,4.379386213573406,80.09275773083513,14.874716134098001,,nan
35,67,67,557.0319626670772,563.5277777777778,36,0.2,0.18333333333333332,0.4666666666666666,0.0,0.11666666666666665,n/a,n/a,20.427777777777774,1490.8403920114763,169.72832531855758,n/a,n/a,360.43665096159856,17.410175967961756,24.116157239661554,27.879118007339805,-8.991073262497405,-0.0016451060405934881,,,66.55666666666677,,,,,0.0,0.41609328873643225,-0.06154595504695963,-1.1744200438261032,-0.6470711536084612,1.0150829735729432,0.2941036709480816,0.40251518885294596,0.6980387356546189,0.314785136282444,n/a,n/a,n/a,n/a,44.47138050612528,159.76608210638477,0.0,,,,,,n/a,n/a,0.10597984492778778,173.66049194335938,-3.536489486694336,0.00637141102924943,n/a,0.9308361411094666,0.10597984492778778,n/a,n/a,n/a,n/a,n/a,n/a,n/a,n/a,10.829133749008179,,,-26.214168501537582,nan,nan,3.855722735505167,80.25601694296698,11.728341015452056,,nan
35,68,68,779.9471466150801,552.0,22,0.34615384615384615,0.19230769230769232,0.34615384615384615,0.0,0.038461538461538464,n/a,n/a,23.25641025641026,1548.1065012621268,154.68756660550508,n/a,n/a,399.5878672791026,19.18707799781458,25.492560905016656,24.01729720722705,-4.766842185335357,-0.0022737981649029342,,,235.78269230769268,,,,,0.0,0.41244627829505187,-0.06764489136642227,-1.1491062197929773,-0.6627155446853392,0.9936845570038527,0.3193286288625155,0.4086194065136788,0.7161505088592187,0.3195386895766625,n/a,n/a,n/a,n/a,19.37696305377045,138.29084156796108,0.0,,,,,,n/a,n/a,0.06341906636953354,89.60901641845703,-3.583127498626709,0.009645367972552776,n/a,0.9829155206680298,0.06341906636953354,n/a,n/a,n/a,n/a,n/a,n/a,n/a,n/a,10.431711912155151,,,-27.550151003119332,nan,nan,2.867837119003938,94.46172526937984,10.86935551646232,,nan
35,69,69,591.9350661911956,804.4230769230769,28,0.2692307692307692,0.2564102564102564,0.28205128205128205,0.0,0.11538461538461539,n/a,n/a,19.5,1440.758339569585,139.76488246535288,n/a,n/a,355.726063509826,22.588944378744092,33.19858340609365,39.37513530748061,-19.17224541616382,-0.0031154181561388887,,,85.10384615384598,,,,,0.0,0.40685527755159556,-0.08621245635321172,-1.216124517795367,-0.5863723376622567,0.9833363141769019,0.30387009794895464,0.411168702901938,0.6672374846843573,0.32230560099467254,n/a,n/a,n/a,n/a,44.108747677653476,164.84321417576822,0.0,,,,,,n/a,n/a,0.012386180460453033,147.67123413085938,-3.580721616744995,0.012354609556496143,n/a,0.9639265537261963,0.012386180460453033,n/a,n/a,n/a,n/a,n/a,n/a,n/a,n/a,10.411312818527222,,,-37.89061598744023,nan,nan,2.930766448730093,94.01607879881067,16.06162500942463,,nan
35,70,70,553.7459012980667,728.3928571428571,30,0.30357142857142855,0.21428571428571427,0.23809523809523808,0.07142857142857142,0.1130952380952381,n/a,n/a,16.857142857142858,1523.3342173647845,132.5976030228003,n/a,n/a,292.5728462407933,23.558806014431507,32.976941159050746,31.317380411327246,-19.343203386194965,-0.14019913733109993,,,95.45505952380985,,,,,0.0,0.3974192387868296,-0.09466717802431612,-1.1578886519585336,-0.6460311820819264,0.9448630926864487,0.3269223457291012,0.43513283630212146,0.7131139082568032,0.32748443757494294,n/a,n/a,n/a,n/a,29.91328369980781,135.38622570387045,0.0,,,,,,n/a,n/a,-0.03358260914683342,137.6289825439453,-3.570173740386963,0.005148365627974272,n/a,0.7143417596817017,-0.03358260914683342,n/a,n/a,n/a,n/a,n/a,n/a,n/a,n/a,10.483060598373413,,,-36.58636588115316,nan,nan,-1.3127814285999402,121.14850103405954,14.09891674787353,,nan
35,71,71,612.3929628136657,608.3392857142857,30,0.23214285714285715,0.4107142857142857,0.2857142857142857,0.0,0.07142857142857142,n/a,n/a,19.86904761904762,1535.0710978957943,155.10660380403445,n/a,n/a,353.7060626661144,18.997167904308686,26.028856831578373,29.612284947346858,-16.701939472956795,-0.001239165846449312,,,128.13363095238108,,,,,0.0,0.40812335402880445,-0.07293696497522649,-1.1648144101103148,-0.6584708523892221,0.9826839119195938,0.3099885792249725,0.4134329587575935,0.6951993597405297,0.3184129148721695,n/a,n/a,n/a,n/a,59.25974385349466,171.55454302499714,0.0,,,,,,n/a,n/a,0.12013410031795502,143.93630981445312,-3.567974090576172,0.0038308370858430862,n/a,0.9578069448471069,0.12013410031795502,n/a,n/a,n/a,n/a,n/a,n/a,n/a,n/a,10.746620416641235,,,-29.5014586291634,nan,nan,1.6477529808173874,87.61070002183679,12.861143777248941,,nan
35,72,72,388.17625489832125,678.6964285714286,29,0.10714285714285714,0.375,0.375,0.0,0.10714285714285714,n/a,n/a,15.017857142857142,1429.4151073703636,146.28781887043945,n/a,n/a,296.78064939345626,17.5253093650862,26.491693135733094,34.09943833931824,-21.046687974103243,-0.001050012793789703,,,-22.911904761904566,,,,,0.0,0.4049618954139692,-0.08136095496593043,-1.2318761944770813,-0.5806973512683596,0.9844596428530556,0.2980442073728357,0.3987915148692472,0.6615181160824639,0.32325918653181623,n/a,n/a,n/a,n/a,67.64986353942048,158.59997484073057,0.0,,,,,,n/a,n/a,-0.2156362384557724,228.59341430664062,-3.58160662651062,0.010499767027795315,n/a,0.9272910356521606,-0.2156362384557724,n/a,n/a,n/a,n/a,n/a,n/a,n/a,n/a,10.807774782180786,,,-31.14522151801936,nan,nan,1.6689281581029383,72.7311673796313,13.983933393814109,,nan
35,73,73,455.77626358031466,691.46875,35,0.18229166666666669,0.4270833333333333,0.2552083333333333,0.0,0.13541666666666666,n/a,n/a,18.869791666666664,1453.8934743745779,128.55649240571984,n/a,n/a,310.1313961369866,20.30488514606879,28.89299874885035,33.737668805349585,-34.26718865979848,-0.0018231720312512378,,,22.932725694444166,,,,,0.0,0.40111587346621175,-0.09462134886174076,-1.1729491632431746,-0.6498051908177633,0.9465608006964127,0.3241756046190858,0.4243448432534933,0.6936559317012627,0.3334358466478686,n/a,n/a,n/a,n/a,49.532057883649685,165.26751380746992,0.0,,,,,,n/a,n/a,-0.03759283572435379,182.4466094970703,-3.5344278812408447,0.00839314330369234,n/a,0.6739366054534912,-0.03759283572435379,n/a,n/a,n/a,n/a,n/a,n/a,n/a,n/a,10.880513429641724,,,-32.43561926009944,nan,nan,2.008809522879354,90.61896737241773,13.853443245247234,,nan
35,74,74,937.3727450273819,494.55357142857144,29,0.48214285714285715,0.21428571428571427,0.30357142857142855,0.0,0.0,n/a,n/a,19.440476190476193,1413.0354705416928,140.4661145224877,n/a,n/a,387.83022337860996,18.645111724645005,24.201102940576423,25.673003029469676,-9.916700289967055,-0.0007857873597304088,,,357.56636904762,,,,,0.0,0.3947972972866914,-0.09728855441547543,-1.1609144033420655,-0.6032671550554889,0.9433803845729146,0.3137724921107292,0.41881843585343587,0.716516973007293,0.33136709673064096,n/a,n/a,n/a,n/a,18.491102078955414,141.70440845979644,0.0,,,,,,n/a,n/a,0.1953168660402298,124.2058334350586,-3.546752691268921,0.036018528044223785,n/a,0.9676583409309387,0.1953168660402298,n/a,n/a,n/a,n/a,n/a,n/a,n/a,n/a,10.663949012756348,,,-22.194540755128223,nan,nan,8.31835711038477,136.69404779767578,10.556556830855374,,nan
35,75,75,589.6095675244934,667.8205128205129,27,0.3205128205128205,0.18589743589743588,0.3397435897435897,0.0,0.11538461538461539,n/a,n/a,20.147435897435898,1474.5817773951555,138.6843399823708,n/a,n/a,340.3620486716281,22.085604035727023,30.418393433728212,28.99140769102331,-20.951909618723,-0.0015613995752409146,,,91.29465811965831,,,,,0.0,0.4028804319817486,-0.0816379753419031,-1.1792972997213023,-0.6369800907679094,0.9502511761891537,0.3200780343359862,0.4039707617499889,0.6841626039300208,0.33709319776449453,n/a,n/a,n/a,n/a,42.582505922383575,140.31819960540977,0.0,,,,,,n/a,n/a,-0.13086915016174316,171.50094604492188,-3.5427865982055664,0.018567990511655807,n/a,0.8479385375976562,-0.13086915016174316,n/a,n/a,n/a,n/a,n/a,n/a,n/a,n/a,10.728871583938599,,,-32.43573372641763,nan,nan,1.9142415449959176,113.6859528411752,14.24646593127318,,nan
