Time,Longitude,Latitude,Altitude,Roll (deg),Pitch (deg),Yaw (deg),Health
0.0,128.181615,37.914556,4571.9698248,0.503,0.091,270.057,1.0
0.1,128.181386,37.914556,4571.7680472,2.74,0.893,270.241,1.0
0.2,128.181157,37.914556,4571.3922288,6.592,1.992,270.492,1.0
0.3,128.180928,37.914556,4570.8789456,11.815,3.097,270.82,1.0
0.4,128.180697,37.914556,4570.265078400001,18.158,4.124,271.251,1.0
0.5,128.180467,37.914556,4569.58446,25.355,5.119,271.837,1.0
0.6,128.180236,37.914556,4568.8700088000005,33.128,6.223,272.688,1.0
0.7,128.180004,37.914557,4568.1509856,41.137,7.253,273.781,1.0
0.8,128.179772,37.914558,4567.463052,48.479,8.17,275.1,1.0
0.9,128.179539,37.914561,4566.8860656,53.369,9.061,276.648,1.0
1.0,128.179307,37.914566,4566.495312,54.914,9.876,278.302,1.0
1.1,128.179076,37.914576,4566.3416928,53.328,10.628,279.947,1.0
1.2,128.178845,37.914588,4566.4133208,49.68,11.373,281.512,1.0
1.3,128.178615,37.914604,4566.7016616,45.103,12.168,282.933,1.0
1.4,128.178385,37.914622,4567.210068,40.466,13.035,284.172,1.0
1.5,128.178156,37.914642,4567.951646400001,36.329,13.976,285.224,1.0
1.6,128.177928,37.914665,4568.9471232000005,32.975,14.978,286.105,1.0
1.7,128.1777,37.91469,4570.223320800001,30.415,16.03,286.839,1.0
1.8,128.177474,37.914716,4571.8113288,28.472,17.121,287.452,1.0
1.9,128.177249,37.914745,4573.744370400001,26.833,18.25,287.961,1.0
2.0,128.177025,37.914776,4576.0642032000005,24.965,19.425,288.363,1.0
2.1,128.176803,37.914809,4578.8186808,22.379,20.657,288.656,1.0
2.2,128.176583,37.914844,4582.0166424,19.139,21.947,288.861,1.0
2.3,128.176365,37.91488,4585.656868800001,15.422,23.294,288.966,1.0
2.4,128.176149,37.914918,4589.7375312,11.411,24.692,288.953,1.0
2.5,128.175935,37.914956,4594.256496,7.261,26.129,288.798,1.0
2.6,128.175723,37.914994,4599.208886400001,3.091,27.591,288.49,1.0
2.7,128.175514,37.915033,4604.5879968,-1.016,29.063,288.018,1.0
2.8,128.175306,37.915071,4610.3862072,-5.014,30.527,287.383,1.0
2.9,128.1751,37.915109,4616.5928496,-8.888,31.969,286.583,1.0
3.0,128.174897,37.915145,4623.1969512,-12.648,33.374,285.623,1.0
3.1,128.174695,37.915181,4630.18632,-16.311,34.732,284.512,1.0
3.2,128.174495,37.915215,4637.5454112,-19.879,36.032,283.26,1.0
3.3,128.174298,37.915247,4645.2534984,-23.291,37.266,281.878,1.0
3.4,128.174102,37.915278,4653.2858928000005,-26.422,38.43,280.383,1.0
3.5,128.173908,37.915306,4661.6182104,-29.152,39.524,278.802,1.0
3.6,128.173716,37.915333,4670.2288104,-31.379,40.553,277.173,1.0
3.7,128.173526,37.915358,4679.102452800001,-33.081,41.523,275.524,1.0
3.8,128.173337,37.91538,4688.2370040000005,-34.409,42.44,273.871,1.0
3.9,128.173151,37.9154,4697.6352072,-35.635,43.311,272.221,1.0
4.0,128.172966,37.915418,4707.290966400001,-36.907,44.15,270.578,1.0
4.1,128.172784,37.915434,4717.1893464,-38.201,44.964,268.944,1.0
4.2,128.172604,37.915447,4727.3190696,-39.482,45.754,267.314,1.0
4.3,128.172425,37.915458,4737.6706872,-40.773,46.521,265.685,1.0
4.4,128.172249,37.915466,4748.237188800001,-42.118,47.262,264.052,1.0
4.5,128.172076,37.915473,4759.008820800001,-43.522,47.978,262.41,1.0
4.6,128.171904,37.915476,4769.974305600001,-44.945,48.669,260.756,1.0
4.7,128.171735,37.915478,4781.1214512,-46.328,49.335,259.09,1.0
4.8,128.171568,37.915477,4792.43898,-47.605,49.976,257.413,1.0
4.9,128.171403,37.915475,4803.9165288,-48.727,50.594,255.731,1.0
5.0,128.17124,37.91547,4815.5449536,-49.664,51.191,254.05,1.0
5.1,128.17108,37.915462,4827.3163296,-50.401,51.772,252.378,1.0
5.2,128.170922,37.915453,4839.222732,-50.942,52.342,250.722,1.0
5.3,128.170766,37.915442,4851.25776,-51.302,52.907,249.092,1.0
5.4,128.170612,37.915429,4863.4156224,-51.511,53.469,247.495,1.0
5.5,128.170461,37.915414,4875.6902232,-51.608,54.032,245.932,1.0
5.6,128.170311,37.915398,4888.0769904,-51.635,54.598,244.405,1.0
5.7,128.170164,37.915379,4900.5722664,-51.647,55.17,242.911,1.0
5.8,128.17002,37.915359,4913.172393600001,-51.69,55.746,241.444,1.0
5.9,128.169878,37.915338,4925.873714400001,-51.796,56.327,240.0,1.0
6.0,128.169738,37.915315,4938.672266400001,-51.981,56.91,238.572,1.0
6.1,128.169601,37.91529,4951.5646968,-52.243,57.495,237.154,1.0
6.2,128.169466,37.915264,4964.5464336000005,-52.574,58.078,235.742,1.0
6.3,128.169334,37.915237,4977.6147336,-52.97,58.656,234.329,1.0
6.4,128.169204,37.915209,4990.766244,-53.428,59.227,232.911,1.0
6.5,128.169076,37.915179,5003.9979168,-53.939,59.79,231.484,1.0
6.6,128.168951,37.915148,5017.3060944,-54.495,60.344,230.044,1.0
6.7,128.168829,37.915116,5030.687424000001,-55.083,60.887,228.588,1.0
6.8,128.168709,37.915083,5044.1394672,-55.695,61.42,227.113,1.0
6.9,128.168592,37.915049,5057.6582616,-56.326,61.941,225.617,1.0
7.0,128.168477,37.915013,5071.241368800001,-56.972,62.452,224.098,1.0
7.1,128.168365,37.914977,5084.8860456,-57.638,62.951,222.556,1.0
7.2,128.168256,37.91494,5098.5889392,-58.329,63.44,220.988,1.0
7.3,128.168149,37.914902,5112.3482208,-59.049,63.918,219.392,1.0
7.4,128.168044,37.914863,5126.160537600001,-59.803,64.386,217.768,1.0
7.5,128.167942,37.914824,5140.023451200001,-60.598,64.843,216.112,1.0
7.6,128.167843,37.914784,5153.9345232000005,-61.443,65.289,214.423,1.0
7.7,128.167747,37.914743,5167.89162,-62.349,65.724,212.698,1.0
7.8,128.167653,37.914701,5181.8919983999995,-63.33,66.146,210.934,1.0
7.9,128.167562,37.914659,5195.933524800001,-64.393,66.555,209.128,1.0
8.0,128.167474,37.914616,5210.013456000001,-65.547,66.948,207.276,1.0
8.1,128.167388,37.914572,5224.1296584,-66.796,67.325,205.376,1.0
8.2,128.167305,37.914528,5238.2793888,-68.151,67.684,203.422,1.0
8.3,128.167225,37.914484,5252.4608184,-69.625,68.021,201.414,1.0
8.4,128.167148,37.914439,5266.6718136,-71.238,68.335,199.345,1.0
8.5,128.167073,37.914393,5280.909936,-73.022,68.622,197.212,1.0
8.6,128.167002,37.914347,5295.172747200001,-74.99,68.879,195.01,1.0
8.7,128.166934,37.914301,5309.457504,-77.148,69.101,192.735,1.0
8.8,128.166868,37.914255,5323.7608536,-79.49,69.283,190.387,1.0
8.9,128.166806,37.914208,5338.079443199999,-82.014,69.421,187.968,1.0
9.0,128.166747,37.91416,5352.409615200001,-84.711,69.509,185.484,1.0
9.1,128.166692,37.914112,5366.746492800001,-87.573,69.542,182.942,1.0
9.2,128.166639,37.914064,5381.0861136,-90.564,69.515,180.355,1.0
9.3,128.16659,37.914016,5395.4223816,-93.613,69.426,177.738,1.0
9.4,128.166544,37.913967,5409.75042,-96.627,69.274,175.114,1.0
9.5,128.166502,37.913918,5424.064437600001,-99.489,69.062,172.508,1.0
9.6,128.166462,37.913869,5438.3601672,-102.04,68.799,169.962,1.0
9.7,128.166425,37.913819,5452.633036800001,-104.164,68.502,167.519,1.0
9.8,128.16639,37.913769,5466.8793888,-105.861,68.182,165.148,1.0
9.9,128.166359,37.913718,5481.0967848,-107.156,67.85,162.829,1.0
10.0,128.166329,37.913668,5495.2824816,-108.068,67.516,160.57,1.0
10.1,128.166303,37.913617,5509.4346504000005,-108.632,67.192,158.376,1.0
10.2,128.166278,37.913566,5523.5517672,-108.906,66.888,156.245,1.0
10.3,128.166256,37.913515,5537.6326128,-108.966,66.609,154.169,1.0
10.4,128.166237,37.913463,5551.6762728,-108.903,66.36,152.14,1.0
10.5,128.166219,37.913412,5565.6812232,-108.818,66.143,150.147,1.0
10.6,128.166204,37.913361,5579.6468544,-108.836,65.956,148.177,1.0
10.7,128.166192,37.91331,5593.5713376,-109.123,65.795,146.219,1.0
10.8,128.166182,37.913259,5607.4522344,-109.902,65.645,144.265,1.0
10.9,128.166176,37.913208,5621.285887200001,-111.312,65.489,142.302,1.0
11.0,128.166172,37.913158,5635.0704672,-113.276,65.31,140.317,1.0
11.1,128.166171,37.913108,5648.8041456,-115.563,65.094,138.317,1.0
11.2,128.166173,37.913058,5662.4853984,-117.923,64.832,136.327,1.0
11.3,128.166178,37.913009,5676.1117872,-120.165,64.52,134.377,1.0
11.4,128.166185,37.91296,5689.679959200001,-122.168,64.157,132.491,1.0
11.5,128.166194,37.912911,5703.186256800001,-123.898,63.747,130.681,1.0
11.6,128.166207,37.912863,5716.627632000001,-125.37,63.295,128.949,1.0
11.7,128.166222,37.912815,5730.0010368,-126.609,62.807,127.291,1.0
11.8,128.166239,37.912768,5743.3034232,-127.644,62.29,125.7,1.0
11.9,128.166259,37.912721,5756.532048,-128.507,61.749,124.169,1.0
12.0,128.166282,37.912674,5769.6850824,-129.231,61.189,122.69,1.0
12.1,128.166307,37.912628,5782.7591736,-129.847,60.614,121.256,1.0
12.2,128.166334,37.912582,5795.7531024,-130.381,60.029,119.86,1.0
12.3,128.166364,37.912537,5808.6644304,-130.855,59.436,118.498,1.0
12.4,128.166397,37.912492,5821.491024000001,-131.285,58.837,117.166,1.0
12.5,128.166432,37.912448,5834.231664000001,-131.686,58.233,115.86,1.0
12.6,128.166469,37.912405,5846.8836071999995,-132.064,57.625,114.58,1.0
12.7,128.166509,37.912362,5859.4459392,-132.424,57.015,113.324,1.0
12.8,128.166551,37.91232,5871.9168312,-132.77,56.402,112.09,1.0
12.9,128.166595,37.912278,5884.2941496,-133.103,55.786,110.879,1.0
13.0,128.166641,37.912237,5896.576370400001,-133.426,55.167,109.691,1.0
13.1,128.16669,37.912197,5908.761969600001,-133.738,54.546,108.524,1.0
13.2,128.166741,37.912157,5920.8491184,-134.036,53.921,107.379,1.0
13.3,128.166794,37.912118,5932.836292800001,-134.324,53.294,106.256,1.0
13.4,128.166849,37.91208,5944.7204448,-134.64,52.661,105.155,1.0
13.5,128.166907,37.912043,5956.4979168,-135.055,52.02,104.08,1.0
13.6,128.166966,37.912007,5968.165356,-135.619,51.368,103.031,1.0
13.7,128.167028,37.911971,5979.7197144,-136.337,50.701,102.008,1.0
13.8,128.167092,37.911937,5991.159468,-137.166,50.015,101.013,1.0
13.9,128.167158,37.911903,6002.483397600001,-138.032,49.31,100.047,1.0
14.0,128.167226,37.91187,6013.6905888,-138.854,48.585,99.111,1.0
14.1,128.167296,37.911838,6024.780127200001,-139.567,47.841,98.206,1.0
14.2,128.167368,37.911807,6035.749574400001,-140.132,47.08,97.334,1.0
14.3,128.167442,37.911776,6046.597711200001,-140.542,46.306,96.491,1.0
14.4,128.167518,37.911747,6057.3214896,-140.814,45.52,95.678,1.0
14.5,128.167596,37.911718,6067.9178616,-140.982,44.725,94.889,1.0
14.6,128.167676,37.911691,6078.3843888,-141.09,43.923,94.123,1.0
14.7,128.167757,37.911664,6088.7177184,-141.183,43.114,93.375,1.0
14.8,128.167841,37.911638,6098.915412,-141.298,42.3,92.643,1.0
14.9,128.167926,37.911613,6108.9744216,-141.461,41.478,91.925,1.0
15.0,128.168013,37.911589,6118.892918400001,-141.683,40.649,91.218,1.0
15.1,128.168102,37.911566,6128.6687688,-141.959,39.812,90.524,1.0
15.2,128.168193,37.911544,6138.3007536000005,-142.27,38.966,89.841,1.0
15.3,128.168285,37.911523,6147.7873488,-142.592,38.11,89.17,1.0
15.4,128.168379,37.911503,6157.1273352,-142.898,37.245,88.511,1.0
15.5,128.168475,37.911484,6166.318884000001,-143.161,36.371,87.864,1.0
15.6,128.168572,37.911466,6175.3619952,-143.353,35.49,87.228,1.0
15.7,128.168671,37.911449,6184.2548400000005,-143.453,34.604,86.603,1.0
15.8,128.168771,37.911433,6192.996504,-143.453,33.714,85.986,1.0
15.9,128.168873,37.911418,6201.585768,-143.346,32.823,85.376,1.0
16.0,128.168977,37.911404,6210.0214128,-143.136,31.933,84.771,1.0
16.1,128.169082,37.911391,6218.302219200001,-142.839,31.046,84.169,1.0
16.2,128.169188,37.911378,6226.4254439999995,-142.481,30.163,83.568,1.0
16.3,128.169296,37.911367,6234.389868,-142.092,29.286,82.966,1.0
16.4,128.169405,37.911357,6242.1936624,-141.699,28.415,82.361,1.0
16.5,128.169516,37.911348,6249.8349984,-141.318,27.55,81.753,1.0
16.6,128.169627,37.91134,6257.3132663999995,-140.959,26.69,81.14,1.0
16.7,128.169741,37.911333,6264.627247200001,-140.623,25.835,80.523,1.0
16.8,128.169855,37.911327,6271.7763312,-140.306,24.984,79.901,1.0
16.9,128.16997,37.911322,6278.759604,-139.998,24.137,79.274,1.0
17.0,128.170087,37.911318,6285.576456000001,-139.687,23.294,78.642,1.0
17.1,128.170205,37.911316,6292.2268872,-139.36,22.454,78.007,1.0
17.2,128.170324,37.911314,6298.7099832,-139.002,21.618,77.368,1.0
17.3,128.170444,37.911314,6305.025744,-138.602,20.786,76.726,1.0
17.4,128.170565,37.911314,6311.1732552,-138.152,19.959,76.08,1.0
17.5,128.170688,37.911316,6317.1525168,-137.644,19.138,75.43,1.0
17.6,128.170811,37.911319,6322.9629192,-137.075,18.323,74.775,1.0
17.7,128.170935,37.911323,6328.6041576,-136.446,17.516,74.116,1.0
17.8,128.17106,37.911328,6334.075622400001,-135.76,16.719,73.451,1.0
17.9,128.171186,37.911335,6339.377923200001,-135.019,15.932,72.779,1.0
18.0,128.171312,37.911342,6344.5101456,-134.229,15.156,72.1,1.0
18.1,128.17144,37.911351,6349.4722896,-133.399,14.393,71.413,1.0
18.2,128.171568,37.911361,6354.264355200001,-132.539,13.643,70.718,1.0
18.3,128.171697,37.911372,6358.8860376,-131.664,12.906,70.014,1.0
18.4,128.171827,37.911385,6363.3367272000005,-130.79,12.184,69.301,1.0
18.5,128.171957,37.911399,6367.616119200001,-129.932,11.474,68.579,1.0
18.6,128.172088,37.911414,6371.7245184,-129.099,10.777,67.848,1.0
18.7,128.172219,37.91143,6375.661315200001,-128.293,10.092,67.109,1.0
18.8,128.172351,37.911448,6379.4277288,-127.511,9.418,66.362,1.0
18.9,128.172483,37.911467,6383.023149600001,-126.749,8.755,65.607,1.0
19.0,128.172616,37.911487,6386.448187200001,-126.0,8.102,64.845,1.0
19.1,128.172749,37.911509,6389.703451200001,-125.26,7.458,64.076,1.0
19.2,128.172883,37.911532,6392.788941600001,-124.518,6.823,63.302,1.0
19.3,128.173017,37.911556,6395.7055728000005,-123.767,6.196,62.523,1.0
19.4,128.173151,37.911582,6398.4533448,-123.0,5.579,61.739,1.0
19.5,128.173285,37.911609,6401.033172,-122.209,4.97,60.951,1.0
19.6,128.17342,37.911638,6403.445968800001,-121.387,4.37,60.158,1.0
19.7,128.173554,37.911668,6405.69204,-120.524,3.781,59.36,1.0
19.8,128.173689,37.9117,6407.7732144,-119.613,3.203,58.559,1.0
19.9,128.173823,37.911732,6409.690406400001,-118.648,2.638,57.753,1.0
20.0,128.173958,37.911767,6411.4445304,-117.625,2.087,56.942,1.0
20.1,128.174093,37.911802,6413.037720000001,-116.542,1.551,56.126,1.0
20.2,128.174227,37.91184,6414.4714992,-115.395,1.034,55.305,1.0
20.3,128.174361,37.911878,6415.747392,-114.181,0.537,54.48,1.0
20.4,128.174496,37.911918,6416.8678368,-112.909,0.061,53.649,1.0
20.5,128.174629,37.91196,6417.8343576,-111.592,-0.391,52.814,1.0
20.6,128.174763,37.912003,6418.649392800001,-110.249,-0.821,51.974,1.0
20.7,128.174896,37.912047,6419.315076,-108.895,-1.225,51.13,1.0
20.8,128.175029,37.912093,6419.8338456,-107.533,-1.604,50.282,1.0
20.9,128.175161,37.91214,6420.2087496,-106.165,-1.956,49.43,1.0
21.0,128.175293,37.912189,6420.4431408,-104.79,-2.282,48.575,1.0
21.1,128.175425,37.912239,6420.5394576,-103.396,-2.581,47.718,1.0
21.2,128.175555,37.912291,6420.5019672,-101.959,-2.852,46.86,1.0
21.3,128.175686,37.912344,6420.3337176,-100.458,-3.093,46.002,1.0
21.4,128.175815,37.912399,6420.0386712,-98.878,-3.304,45.145,1.0
21.5,128.175944,37.912455,6419.6201808000005,-97.219,-3.484,44.292,1.0
21.6,128.176073,37.912512,6419.0825136,-95.499,-3.632,43.443,1.0
21.7,128.1762,37.912571,6418.429632,-93.746,-3.748,42.602,1.0
21.8,128.176327,37.912632,6417.6658032,-91.982,-3.831,41.77,1.0
21.9,128.176453,37.912693,6416.7952944,-90.218,-3.881,40.961,1.0
22.0,128.176578,37.912757,6415.822982400001,-88.481,-3.9,40.19,1.0
22.1,128.176703,37.912821,6414.753744,-86.818,-3.892,39.461,1.0
22.2,128.176826,37.912888,6413.592760800001,-85.287,-3.86,38.776,1.0
22.3,128.176948,37.912955,6412.344300000001,-83.952,-3.812,38.128,1.0
22.4,128.17707,37.913024,6411.0141527999995,-82.876,-3.752,37.512,1.0
22.5,128.17719,37.913095,6409.6062816,-82.092,-3.689,36.918,1.0
22.6,128.177309,37.913167,6408.1240392,-81.595,-3.627,36.338,0.9996723464097136
22.7,128.177426,37.913241,6406.570168800001,-81.354,-3.573,35.762,0.9963226746779594
22.8,128.177543,37.913316,6404.9464992,-81.329,-3.532,35.183,0.9893600961852426
22.9,128.177658,37.913392,6403.254249600001,-81.463,-3.508,34.59,0.9787697951856104
23.0,128.177772,37.91347,6401.493724800001,-81.691,-3.506,33.975,0.9645440116284688
23.1,128.177885,37.91355,6399.6652296,-81.933,-3.528,33.335,0.9466603828768888
23.2,128.177996,37.91363,6397.7675448,-82.092,-3.573,32.673,0.9251054762875682
23.3,128.178107,37.913712,6395.800365600001,-82.058,-3.639,32.004,0.8998674142180666
23.4,128.178216,37.913796,6393.763387200001,-81.753,-3.725,31.344,0.8709380942779889
23.5,128.178324,37.91388,6391.657524,-81.155,-3.826,30.711,0.8382957695427299
23.6,128.17843,37.913966,6389.4846048,-80.293,-3.941,30.117,0.8019354758648751
23.7,128.178535,37.914053,6387.2467632,-79.229,-4.065,29.563,0.7618395172878527
23.8,128.178639,37.914141,6384.947047200001,-78.02,-4.191,29.046,0.7179985104290194
23.9,128.178742,37.914231,6382.5882,-76.73,-4.315,28.555,0.6704043241273325
24.0,128.178844,37.914321,6380.173574400001,-75.419,-4.427,28.072,0.6190409101658806
24.1,128.178944,37.914413,6377.707437600001,-74.158,-4.523,27.568,0.5639012809616559
24.2,128.179042,37.914506,6375.1949712,-73.048,-4.599,27.018,0.5049652539878737
24.3,128.17914,37.9146,6372.6416616,-72.232,-4.654,26.402,0.4422388903302914
24.4,128.179235,37.914695,6370.0533000000005,-71.842,-4.692,25.704,0.375697908351331
24.5,128.179329,37.914792,6367.4332392,-71.893,-4.718,24.907,0.3053406955618731
24.6,128.179421,37.91489,6364.781784000001,-72.336,-4.734,24.011,0.23115297265805615
24.7,128.179512,37.914989,6362.0986296,-73.114,-4.746,23.017,0.15313215123757837
24.8,128.1796,37.915089,6359.382556800001,-74.157,-4.759,21.925,0.07126805607979081
24.9,128.179687,37.91519,6356.632041600001,-75.391,-4.785,20.743,-0.014441484228722537
