Time,Latitude,Longitude,Altitude,Roll (deg),Pitch (deg),Yaw (deg)
0.000000,37.240779,131.869472,4572.020726,0.000000,-0.002000,-90.001007
1.000000,37.240779,131.869434,4572.016459,0.000000,-0.008000,-90.001007
2.000000,37.240779,131.869395,4572.009449,0.050000,-0.012000,-89.993988
3.000000,37.240779,131.869356,4571.999086,0.150000,-0.015000,-89.980988
4.000000,37.240779,131.869317,4571.985065,0.300000,-0.016000,-89.963013
5.000000,37.240779,131.869279,4571.966777,0.500000,-0.016000,-89.941010
6.000000,37.240779,131.869240,4571.943612,0.750000,-0.016000,-89.915985
7.000000,37.240779,131.869201,4571.915266,1.051000,-0.016000,-89.889008
8.000000,37.240779,131.869162,4571.881433,1.400000,-0.015000,-89.859985
9.000000,37.240779,131.869122,4571.840894,1.798000,-0.014000,-89.829987
10.000000,37.240779,131.869083,4571.793955,2.244000,-0.013000,-89.799011
11.000000,37.240779,131.869044,4571.741225,2.737000,-0.012000,-89.768005
12.000000,37.240779,131.869005,4571.682398,3.275000,-0.011000,-89.737000
13.000000,37.240779,131.868966,4571.617781,3.858000,-0.010000,-89.704987
14.000000,37.240779,131.868927,4571.547067,4.485000,-0.007000,-89.673004
15.000000,37.240779,131.868888,4571.470562,5.155000,-0.001000,-89.640991
16.000000,37.240779,131.868849,4571.388571,5.866000,0.006000,-89.609009
17.000000,37.240779,131.868810,4571.300789,6.617000,0.016000,-89.576996
18.000000,37.240779,131.868771,4571.207520,7.407000,0.027000,-89.544006
19.000000,37.240779,131.868732,4571.108765,8.236000,0.038000,-89.511993
20.000000,37.240779,131.868692,4571.004828,9.101000,0.055000,-89.479004
21.000000,37.240779,131.868653,4570.895710,10.003000,0.077000,-89.444000
22.000000,37.240779,131.868614,4570.781410,10.939000,0.104000,-89.408997
23.000000,37.240779,131.868574,4570.661928,11.909000,0.134000,-89.372986
24.000000,37.240779,131.868535,4570.537570,12.912000,0.166000,-89.335999
25.000000,37.240779,131.868496,4570.408639,13.947000,0.199000,-89.298004
26.000000,37.240779,131.868456,4570.274832,15.013000,0.241000,-89.257996
27.000000,37.240779,131.868417,4570.136758,16.108000,0.290000,-89.213989
28.000000,37.240779,131.868377,4569.993806,17.233000,0.345000,-89.167999
29.000000,37.240779,131.868338,4569.846893,18.385000,0.404000,-89.118988
30.000000,37.240779,131.868298,4569.695712,19.565001,0.465000,-89.066986
31.000000,37.240779,131.868259,4569.540569,20.771000,0.529000,-89.014008
32.000000,37.240779,131.868219,4569.381463,22.002001,0.601000,-88.954987
33.000000,37.240779,131.868178,4569.218700,23.257000,0.682000,-88.890015
34.000000,37.240778,131.868139,4569.052279,24.535999,0.769000,-88.820007
35.000000,37.240778,131.868099,4568.882506,25.837000,0.859000,-88.744995
36.000000,37.240778,131.868059,4568.709074,27.160000,0.953000,-88.665985
37.000000,37.240778,131.868019,4568.532595,28.504000,1.047000,-88.583008
38.000000,37.240778,131.867980,4568.353373,29.867001,1.149000,-88.492004
39.000000,37.240778,131.867940,4568.171102,31.250000,1.258000,-88.391998
40.000000,37.240778,131.867900,4567.986089,32.651001,1.373000,-88.285004
41.000000,37.240778,131.867860,4567.798637,34.069000,1.490000,-88.170013
42.000000,37.240778,131.867820,4567.608746,35.504002,1.608000,-88.049988
43.000000,37.240778,131.867780,4567.416418,36.953999,1.726000,-87.923004
44.000000,37.240777,131.867740,4567.221955,38.417999,1.849000,-87.786011
45.000000,37.240777,131.867700,4567.025664,39.896000,1.977000,-87.638000
46.000000,37.240777,131.867660,4566.827239,41.387001,2.108000,-87.480011
47.000000,37.240777,131.867620,4566.627290,42.889000,2.239000,-87.312988
48.000000,37.240777,131.867580,4566.425818,44.401001,2.369000,-87.139008
49.000000,37.240777,131.867540,4566.222516,45.922001,2.496000,-86.959015
50.000000,37.240777,131.867499,4566.019519,47.426998,2.627000,-86.768005
51.000000,37.240777,131.867459,4565.816218,48.912998,2.761000,-86.565002
52.000000,37.240777,131.867418,4565.613221,50.382000,2.896000,-86.351013
53.000000,37.240777,131.867378,4565.410529,51.834000,3.030000,-86.128998
54.000000,37.240777,131.867338,4565.208142,53.268002,3.161000,-85.899994
55.000000,37.240777,131.867298,4565.005754,54.683998,3.286000,-85.664001
56.000000,37.240777,131.867257,4564.804891,56.053001,3.413000,-85.415985
57.000000,37.240777,131.867217,4564.604942,57.374001,3.542000,-85.156006
58.000000,37.240778,131.867177,4564.407127,58.650002,3.669000,-84.885986
59.000000,37.240778,131.867136,4564.210836,59.882999,3.793000,-84.606995
60.000000,37.240778,131.867096,4564.015764,61.077000,3.912000,-84.321014
61.000000,37.240779,131.867056,4563.821606,62.233002,4.025000,-84.028992
62.000000,37.240779,131.867015,4563.630192,63.328999,4.137000,-83.726013
63.000000,37.240779,131.866975,4563.440302,64.365997,4.248000,-83.411011
64.000000,37.240780,131.866933,4563.253154,65.348999,4.355000,-83.087006
65.000000,37.240781,131.866893,4563.067226,66.280998,4.458000,-82.756012
66.000000,37.240781,131.866852,4562.882822,67.166000,4.554000,-82.419006
67.000000,37.240782,131.866812,4562.699942,68.007004,4.644000,-82.079010
68.000000,37.240783,131.866772,4562.519196,68.790001,4.728000,-81.734985
69.000000,37.240784,131.866731,4562.340583,69.516998,4.806000,-81.390015
70.000000,37.240785,131.866691,4562.163190,70.194000,4.879000,-81.042999
71.000000,37.240786,131.866650,4561.987625,70.822998,4.944000,-80.696014
72.000000,37.240787,131.866610,4561.813279,71.407997,5.003000,-80.348999
73.000000,37.240788,131.866569,4561.640153,71.953003,5.056000,-80.003998
74.000000,37.240790,131.866529,4561.469160,72.448997,5.102000,-79.660004
75.000000,37.240791,131.866488,4561.299082,72.902000,5.143000,-79.317993
76.000000,37.240792,131.866447,4561.130527,73.313004,5.179000,-78.977997
77.000000,37.240794,131.866406,4560.963192,73.685997,5.209000,-78.640991
78.000000,37.240796,131.866365,4560.796771,74.025002,5.233000,-78.307007
79.000000,37.240797,131.866325,4560.631570,74.331001,5.253000,-77.975006
80.000000,37.240799,131.866284,4560.466978,74.623001,5.267000,-77.645996
81.000000,37.240801,131.866244,4560.302690,74.902000,5.275000,-77.319000
82.000000,37.240804,131.866203,4560.139318,75.169998,5.279000,-76.994995
83.000000,37.240806,131.866162,4559.975945,75.428001,5.278000,-76.674011
84.000000,37.240808,131.866122,4559.813182,75.677002,5.273000,-76.355011
85.000000,37.240810,131.866081,4559.651028,75.917000,5.265000,-76.040009
86.000000,37.240812,131.866041,4559.489484,76.141998,5.255000,-75.726990
87.000000,37.240814,131.866000,4559.328550,76.352997,5.242000,-75.417999
88.000000,37.240817,131.865959,4559.168225,76.551003,5.227000,-75.112000
89.000000,37.240819,131.865918,4559.008205,76.735001,5.211000,-74.809998
90.000000,37.240822,131.865877,4558.848490,76.906998,5.192000,-74.510986
91.000000,37.240824,131.865837,4558.689384,77.068001,5.172000,-74.214996
92.000000,37.240827,131.865796,4558.531193,77.212997,5.151000,-73.921997
93.000000,37.240830,131.865755,4558.373306,77.343002,5.128000,-73.632996
94.000000,37.240833,131.865715,4558.216030,77.458000,5.105000,-73.346008
95.000000,37.240836,131.865674,4558.059058,77.559998,5.081000,-73.062988
96.000000,37.240839,131.865633,4557.902695,77.649002,5.056000,-72.782990
97.000000,37.240842,131.865593,4557.746638,77.727997,5.030000,-72.505005
98.000000,37.240845,131.865552,4557.591494,77.792000,5.004000,-72.230988
99.000000,37.240848,131.865511,4557.436656,77.843002,4.977000,-71.959015
100.000000,37.240853,131.865471,4557.282427,77.882004,4.950000,-71.688995
101.000000,37.240856,131.865430,4557.128503,77.910004,4.923000,-71.423004
102.000000,37.240860,131.865389,4556.974884,77.929001,4.896000,-71.158997
103.000000,37.240863,131.865348,4556.821874,77.938004,4.868000,-70.897003
104.000000,37.240867,131.865307,4556.669474,77.939003,4.840000,-70.638000
105.000000,37.240871,131.865267,4556.517684,77.930000,4.812000,-70.381012
106.000000,37.240875,131.865226,4556.366198,77.913002,4.785000,-70.126007
107.000000,37.240879,131.865186,4556.215018,77.889999,4.757000,-69.872986
108.000000,37.240883,131.865145,4556.064446,77.861000,4.730000,-69.622986
109.000000,37.240887,131.865104,4555.914485,77.825996,4.703000,-69.375000
110.000000,37.240891,131.865064,4555.764828,77.787003,4.677000,-69.127991
111.000000,37.240896,131.865023,4555.615781,77.744003,4.651000,-68.884003
112.000000,37.240901,131.864983,4555.467038,77.696999,4.625000,-68.640991
113.000000,37.240905,131.864942,4555.318906,77.647003,4.600000,-68.401001
114.000000,37.240910,131.864902,4555.171078,77.595001,4.575000,-68.161987
115.000000,37.240915,131.864860,4555.024164,77.542000,4.551000,-67.924988
116.000000,37.240920,131.864820,4554.877250,77.487999,4.527000,-67.688995
117.000000,37.240925,131.864779,4554.731251,77.433998,4.504000,-67.455994
118.000000,37.240930,131.864739,4554.585557,77.379997,4.482000,-67.222992
119.000000,37.240935,131.864698,4554.440472,77.325996,4.460000,-66.993011
120.000000,37.240941,131.864658,4554.295997,77.274002,4.439000,-66.764008
121.000000,37.240946,131.864617,4554.151826,77.222000,4.418000,-66.536011
122.000000,37.240952,131.864577,4554.008266,77.172997,4.398000,-66.309998
123.000000,37.240957,131.864536,4553.865314,77.125999,4.379000,-66.084991
124.000000,37.240963,131.864496,4553.722973,77.082001,4.360000,-65.862000
125.000000,37.240968,131.864456,4553.581241,77.040001,4.342000,-65.640015
126.000000,37.240974,131.864415,4553.439814,77.001999,4.325000,-65.419006
127.000000,37.240980,131.864375,4553.299301,76.966003,4.308000,-65.200012
128.000000,37.240987,131.864334,4553.159093,76.934998,4.292000,-64.981995
129.000000,37.240993,131.864293,4553.019799,76.907997,4.276000,-64.765015
130.000000,37.240999,131.864253,4552.880810,76.884003,4.261000,-64.549988
131.000000,37.241005,131.864213,4552.742736,76.863998,4.247000,-64.335999
132.000000,37.241012,131.864172,4552.604966,76.848999,4.233000,-64.122986
133.000000,37.241018,131.864132,4552.468111,76.836998,4.220000,-63.911011
134.000000,37.241025,131.864092,4552.331561,76.829002,4.207000,-63.700012
135.000000,37.241032,131.864052,4552.195925,76.824997,4.194000,-63.490997
136.000000,37.241039,131.864012,4552.060898,76.824997,4.182000,-63.282013
137.000000,37.241046,131.863972,4551.926177,76.829002,4.171000,-63.074005
138.000000,37.241053,131.863931,4551.792674,76.835999,4.159000,-62.867004
139.000000,37.241060,131.863891,4551.659477,76.846001,4.149000,-62.661987
140.000000,37.241067,131.863851,4551.526889,76.860001,4.138000,-62.457001
141.000000,37.241074,131.863811,4551.395215,76.876999,4.128000,-62.252014
142.000000,37.241083,131.863770,4551.263846,76.896004,4.118000,-62.049011
143.000000,37.241090,131.863730,4551.133392,76.917999,4.108000,-61.846008
144.000000,37.241098,131.863690,4551.003547,76.943001,4.099000,-61.644012
145.000000,37.241105,131.863651,4550.874617,76.970001,4.090000,-61.441986
146.000000,37.241113,131.863611,4550.745991,76.999001,4.081000,-61.240997
147.000000,37.241122,131.863571,4550.618280,77.029999,4.072000,-61.040985
148.000000,37.241130,131.863531,4550.490874,77.061996,4.063000,-60.841003
149.000000,37.241138,131.863491,4550.364382,77.096001,4.054000,-60.641998
150.000000,37.241146,131.863451,4550.238804,77.130997,4.046000,-60.442993
151.000000,37.241154,131.863412,4550.113531,77.167000,4.037000,-60.243988
152.000000,37.241163,131.863372,4549.988868,77.204002,4.029000,-60.045990
153.000000,37.241172,131.863332,4549.865119,77.241997,4.021000,-59.847992
154.000000,37.241181,131.863293,4549.741675,77.279999,4.013000,-59.649994
155.000000,37.241189,131.863253,4549.619146,77.318001,4.005000,-59.453003
156.000000,37.241198,131.863214,4549.497226,77.357002,3.997000,-59.256012
157.000000,37.241207,131.863174,4549.375915,77.396004,3.989000,-59.058990
158.000000,37.241217,131.863135,4549.255214,77.434998,3.981000,-58.862000
159.000000,37.241226,131.863095,4549.135123,77.473999,3.973000,-58.665985
160.000000,37.241235,131.863056,4549.015642,77.512001,3.965000,-58.468994
161.000000,37.241244,131.863015,4548.896770,77.550003,3.957000,-58.273010
162.000000,37.241254,131.862976,4548.778507,77.586998,3.949000,-58.076996
163.000000,37.241264,131.862937,4548.660854,77.625000,3.941000,-57.881012
164.000000,37.241274,131.862897,4548.543811,77.661003,3.933000,-57.684998
165.000000,37.241283,131.862858,4548.427378,77.696999,3.925000,-57.489990
166.000000,37.241293,131.862819,4548.311554,77.732002,3.917000,-57.294006
167.000000,37.241304,131.862780,4548.196034,77.765999,3.909000,-57.097992
168.000000,37.241314,131.862741,4548.081430,77.799004,3.901000,-56.903015
169.000000,37.241324,131.862702,4547.967130,77.832001,3.893000,-56.707001
170.000000,37.241334,131.862663,4547.853439,77.863998,3.885000,-56.511993
171.000000,37.241345,131.862624,4547.740358,77.893997,3.877000,-56.316010
172.000000,37.241356,131.862585,4547.627887,77.924004,3.869000,-56.121002
173.000000,37.241367,131.862546,4547.515721,77.953003,3.861000,-55.925995
174.000000,37.241377,131.862507,4547.404164,77.981003,3.853000,-55.730011
175.000000,37.241388,131.862468,4547.293217,78.009003,3.845000,-55.535004
176.000000,37.241400,131.862430,4547.182879,78.036003,3.837000,-55.338989
177.000000,37.241410,131.862391,4547.072846,78.060997,3.830000,-55.144012
178.000000,37.241421,131.862352,4546.963423,78.085999,3.822000,-54.947998
179.000000,37.241433,131.862314,4546.854305,78.110001,3.814000,-54.752991
180.000000,37.241445,131.862275,4546.745796,78.133003,3.806000,-54.557007
181.000000,37.241456,131.862237,4546.637897,78.155998,3.798000,-54.362000
182.000000,37.241467,131.862198,4546.530302,78.178001,3.791000,-54.165985
183.000000,37.241479,131.862160,4546.423318,78.199997,3.783000,-53.971008
184.000000,37.241492,131.862121,4546.316942,78.220001,3.775000,-53.774994
185.000000,37.241503,131.862083,4546.210872,78.239998,3.768000,-53.579987
186.000000,37.241515,131.862045,4546.105106,78.260002,3.760000,-53.384003
187.000000,37.241527,131.862006,4545.999950,78.278999,3.752000,-53.187988
188.000000,37.241540,131.861968,4545.895099,78.297997,3.745000,-52.992004
189.000000,37.241552,131.861930,4545.790858,78.316002,3.737000,-52.796997
190.000000,37.241564,131.861892,4545.686921,78.333000,3.730000,-52.601013
191.000000,37.241578,131.861854,4545.583594,78.349998,3.723000,-52.404999
192.000000,37.241590,131.861816,4545.480571,78.366997,3.715000,-52.209015
193.000000,37.241603,131.861778,4545.377854,78.384003,3.708000,-52.013000
194.000000,37.241615,131.861740,4545.275746,78.400002,3.701000,-51.816986
195.000000,37.241629,131.861703,4545.173942,78.416000,3.694000,-51.621002
196.000000,37.241642,131.861665,4545.072749,78.431999,3.687000,-51.424988
197.000000,37.241655,131.861627,4544.971860,78.446999,3.680000,-51.229004
198.000000,37.241669,131.861590,4544.871276,78.462997,3.673000,-51.032990
199.000000,37.241682,131.861552,4544.770997,78.477997,3.666000,-50.835999
200.000000,37.241695,131.861514,4544.671327,78.492996,3.659000,-50.640015
201.000000,37.241709,131.861477,4544.571962,78.508003,3.653000,-50.444000
202.000000,37.241723,131.861440,4544.472902,78.523003,3.646000,-50.247986
203.000000,37.241736,131.861402,4544.374147,78.537003,3.639000,-50.050995
204.000000,37.241750,131.861365,4544.276002,78.552002,3.633000,-49.855011
205.000000,37.241765,131.861328,4544.178161,78.566002,3.626000,-49.657990
206.000000,37.241778,131.861290,4544.080625,78.581001,3.620000,-49.462006
207.000000,37.241792,131.861253,4543.983698,78.595001,3.613000,-49.265015
208.000000,37.241807,131.861216,4543.886772,78.609001,3.607000,-49.069000
209.000000,37.241821,131.861179,4543.790455,78.623001,3.601000,-48.872009
210.000000,37.241836,131.861142,4543.694443,78.637001,3.595000,-48.674988
211.000000,37.241851,131.861105,4543.598431,78.652000,3.589000,-48.477997
212.000000,37.241865,131.861069,4543.503334,78.666000,3.583000,-48.282013
213.000000,37.241880,131.861032,4543.408236,78.680000,3.576000,-48.084991
214.000000,37.241895,131.860995,4543.313443,78.694000,3.571000,-47.888000
215.000000,37.241910,131.860959,4543.219260,78.708000,3.565000,-47.691010
216.000000,37.241925,131.860922,4543.125077,78.722000,3.559000,-47.493988
217.000000,37.241941,131.860885,4543.031503,78.736000,3.553000,-47.296997
218.000000,37.241956,131.860849,4542.937930,78.750000,3.547000,-47.100006
219.000000,37.241971,131.860813,4542.844966,78.763000,3.541000,-46.902008
220.000000,37.241987,131.860776,4542.752306,78.777000,3.536000,-46.704987
221.000000,37.242002,131.860740,4542.659647,78.791000,3.530000,-46.507996
222.000000,37.242018,131.860704,4542.567598,78.805000,3.525000,-46.311005
223.000000,37.242034,131.860668,4542.475853,78.819000,3.519000,-46.113007
224.000000,37.242050,131.860632,4542.384108,78.832001,3.514000,-45.915985
225.000000,37.242065,131.860596,4542.292973,78.846001,3.508000,-45.717987
226.000000,37.242082,131.860560,4542.202142,78.859001,3.503000,-45.520996
227.000000,37.242098,131.860524,4542.111312,78.873001,3.498000,-45.322998
228.000000,37.242115,131.860488,4542.021091,78.886002,3.492000,-45.125000
229.000000,37.242131,131.860453,4541.930870,78.899002,3.487000,-44.928009
230.000000,37.242147,131.860417,4541.841259,78.913002,3.482000,-44.730011
231.000000,37.242165,131.860381,4541.751648,78.926003,3.477000,-44.532013
232.000000,37.242181,131.860346,4541.662342,78.939003,3.471000,-44.334015
233.000000,37.242197,131.860311,4541.573340,78.952003,3.466000,-44.135986
234.000000,37.242215,131.860276,4541.484643,78.964996,3.461000,-43.937988
235.000000,37.242231,131.860241,4541.396251,78.977997,3.456000,-43.739990
236.000000,37.242248,131.860206,4541.308164,78.989998,3.451000,-43.541992
237.000000,37.242266,131.860170,4541.220077,79.002998,3.446000,-43.342987
238.000000,37.242283,131.860135,4541.132294,79.014999,3.441000,-43.144989
239.000000,37.242301,131.860100,4541.045122,79.028000,3.436000,-42.946991
240.000000,37.242318,131.860065,4540.957949,79.040001,3.431000,-42.747986
241.000000,37.242335,131.860031,4540.870776,79.053001,3.427000,-42.549988
242.000000,37.242354,131.859996,4540.784213,79.065002,3.422000,-42.351990
243.000000,37.242371,131.859961,4540.697650,79.077003,3.417000,-42.153015
244.000000,37.242389,131.859927,4540.611391,79.087997,3.412000,-41.954010
245.000000,37.242407,131.859892,4540.525438,79.099998,3.408000,-41.756012
246.000000,37.242425,131.859857,4540.439789,79.112000,3.403000,-41.557007
247.000000,37.242443,131.859824,4540.354140,79.124001,3.398000,-41.358002
248.000000,37.242461,131.859790,4540.268796,79.135002,3.394000,-41.158997
249.000000,37.242480,131.859756,4540.183757,79.146004,3.389000,-40.959991
250.000000,37.242498,131.859721,4540.098718,79.156998,3.384000,-40.760986
251.000000,37.242516,131.859687,4540.014288,79.167999,3.380000,-40.562012
252.000000,37.242536,131.859653,4539.929858,79.179001,3.375000,-40.363007
253.000000,37.242554,131.859619,4539.845429,79.190002,3.371000,-40.164001
254.000000,37.242573,131.859586,4539.761304,79.200996,3.366000,-39.964996
255.000000,37.242592,131.859552,4539.677484,79.211998,3.362000,-39.765991
256.000000,37.242611,131.859518,4539.593969,79.222000,3.357000,-39.566986
257.000000,37.242630,131.859486,4539.510454,79.233002,3.353000,-39.367004
258.000000,37.242649,131.859452,4539.427243,79.242996,3.349000,-39.167999
259.000000,37.242669,131.859419,4539.344033,79.252998,3.344000,-38.967987
260.000000,37.242688,131.859385,4539.261127,79.264000,3.340000,-38.769012
261.000000,37.242708,131.859352,4539.178526,79.274002,3.336000,-38.569000
262.000000,37.242727,131.859319,4539.095926,79.282997,3.331000,-38.369995
263.000000,37.242747,131.859286,4539.013630,79.292999,3.327000,-38.170013
264.000000,37.242766,131.859253,4538.931638,79.303001,3.323000,-37.970001
265.000000,37.242786,131.859220,4538.849647,79.311996,3.319000,-37.769989
266.000000,37.242806,131.859188,4538.767961,79.321999,3.315000,-37.571014
267.000000,37.242826,131.859155,4538.686274,79.331001,3.311000,-37.371002
268.000000,37.242847,131.859122,4538.604588,79.341003,3.306000,-37.170990
269.000000,37.242866,131.859090,4538.523511,79.349998,3.302000,-36.971008
270.000000,37.242887,131.859057,4538.442434,79.359001,3.298000,-36.770996
271.000000,37.242907,131.859025,4538.361358,79.367996,3.294000,-36.571014
272.000000,37.242928,131.858992,4538.280586,79.376999,3.290000,-36.371002
273.000000,37.242948,131.858961,4538.199814,79.386002,3.286000,-36.170013
274.000000,37.242969,131.858929,4538.119346,79.393997,3.282000,-35.970001
275.000000,37.242990,131.858897,4538.038879,79.403000,3.278000,-35.769989
276.000000,37.243010,131.858865,4537.958717,79.411003,3.274000,-35.570007
277.000000,37.243032,131.858833,4537.878859,79.419998,3.270000,-35.368988
278.000000,37.243052,131.858801,4537.798697,79.428001,3.267000,-35.169006
279.000000,37.243074,131.858770,4537.719144,79.435997,3.263000,-34.967987
280.000000,37.243095,131.858739,4537.639286,79.445000,3.259000,-34.768005
281.000000,37.243116,131.858707,4537.560038,79.453003,3.255000,-34.566986
282.000000,37.243137,131.858676,4537.480486,79.460999,3.251000,-34.367004
283.000000,37.243159,131.858645,4537.401238,79.469002,3.247000,-34.165985
284.000000,37.243180,131.858613,4537.322294,79.476997,3.244000,-33.964996
285.000000,37.243203,131.858582,4537.243351,79.484001,3.240000,-33.765015
286.000000,37.243224,131.858552,4537.164408,79.491997,3.236000,-33.563995
287.000000,37.243246,131.858521,4537.085770,79.500000,3.233000,-33.363007
288.000000,37.243267,131.858490,4537.007131,79.507004,3.229000,-33.161987
289.000000,37.243290,131.858459,4536.928798,79.514999,3.225000,-32.960999
290.000000,37.243312,131.858429,4536.850464,79.522003,3.222000,-32.760010
291.000000,37.243334,131.858399,4536.772130,79.528999,3.218000,-32.558990
292.000000,37.243356,131.858369,4536.694102,79.537003,3.214000,-32.358002
293.000000,37.243379,131.858338,4536.616073,79.543999,3.211000,-32.157013
294.000000,37.243401,131.858308,4536.538044,79.551003,3.207000,-31.955994
295.000000,37.243424,131.858278,4536.460320,79.557999,3.204000,-31.755005
296.000000,37.243446,131.858249,4536.382901,79.565002,3.200000,-31.553986
297.000000,37.243469,131.858219,4536.305177,79.571999,3.197000,-31.352997
298.000000,37.243491,131.858189,4536.227758,79.579002,3.193000,-31.151001
299.000000,37.243515,131.858159,4536.150338,79.585999,3.190000,-30.950012
300.000000,37.243537,131.858129,4536.073224,79.593002,3.186000,-30.748993
301.000000,37.243560,131.858100,4535.996110,79.598999,3.183000,-30.546997
302.000000,37.243583,131.858071,4535.918995,79.606003,3.179000,-30.346008
303.000000,37.243607,131.858041,4535.842186,79.612000,3.176000,-30.144012
304.000000,37.243629,131.858012,4535.765376,79.619003,3.173000,-29.942993
305.000000,37.243653,131.857983,4535.688566,79.625000,3.169000,-29.740997
306.000000,37.243676,131.857955,4535.612062,79.632004,3.166000,-29.539001
307.000000,37.243700,131.857926,4535.535557,79.638000,3.163000,-29.337006
308.000000,37.243723,131.857897,4535.459052,79.636002,3.165000,-29.136993
309.000000,37.243747,131.857868,4535.382852,79.625999,3.171000,-28.937012
310.000000,37.243771,131.857840,4535.306957,79.607002,3.182000,-28.737000
311.000000,37.243795,131.857812,4535.231366,79.578003,3.196000,-28.537994
312.000000,37.243818,131.857783,4535.155776,79.538002,3.213000,-28.339996
313.000000,37.243843,131.857755,4535.080795,79.487999,3.231000,-28.140991
314.000000,37.243866,131.857728,4535.006119,79.427002,3.250000,-27.942993
315.000000,37.243891,131.857699,4534.931748,79.357002,3.270000,-27.743988
316.000000,37.243916,131.857671,4534.857682,79.278000,3.292000,-27.545013
317.000000,37.243940,131.857644,4534.783920,79.190002,3.314000,-27.346008
318.000000,37.243964,131.857617,4534.710463,79.094002,3.336000,-27.145996
319.000000,37.243988,131.857589,4534.637311,78.990997,3.359000,-26.946991
320.000000,37.244013,131.857562,4534.564769,78.880997,3.383000,-26.747009
321.000000,37.244038,131.857534,4534.492531,78.764999,3.406000,-26.545990
322.000000,37.244063,131.857508,4534.420598,78.643997,3.430000,-26.345001
323.000000,37.244087,131.857481,4534.349275,78.517998,3.454000,-26.144012
324.000000,37.244112,131.857453,4534.278257,78.388000,3.478000,-25.942993
325.000000,37.244137,131.857427,4534.207848,78.254997,3.503000,-25.742004
326.000000,37.244162,131.857401,4534.138049,78.117996,3.528000,-25.540009
327.000000,37.244188,131.857374,4534.068554,77.977997,3.553000,-25.338013
328.000000,37.244213,131.857347,4533.999974,77.836998,3.578000,-25.135986
329.000000,37.244238,131.857322,4533.931699,77.693001,3.603000,-24.933990
330.000000,37.244263,131.857295,4533.864034,77.549004,3.628000,-24.731995
331.000000,37.244289,131.857269,4533.796978,77.403999,3.654000,-24.528992
332.000000,37.244314,131.857244,4533.730531,77.258003,3.680000,-24.326996
333.000000,37.244340,131.857217,4533.664999,77.112000,3.706000,-24.125000
334.000000,37.244366,131.857191,4533.600077,76.964996,3.732000,-23.921997
335.000000,37.244391,131.857167,4533.535764,76.819000,3.758000,-23.720001
336.000000,37.244418,131.857141,4533.472366,76.674004,3.785000,-23.516998
337.000000,37.244443,131.857115,4533.409577,76.529999,3.812000,-23.315002
338.000000,37.244469,131.857091,4533.348007,76.386002,3.839000,-23.112000
339.000000,37.244495,131.857065,4533.287047,76.242996,3.866000,-22.910004
340.000000,37.244521,131.857040,4533.227002,76.101997,3.893000,-22.707001
341.000000,37.244548,131.857016,4533.167870,75.961998,3.920000,-22.505005
342.000000,37.244574,131.856991,4533.109654,75.823997,3.947000,-22.303009
343.000000,37.244600,131.856966,4533.052656,75.688004,3.975000,-22.100006
344.000000,37.244626,131.856942,4532.996268,75.553001,4.003000,-21.898010
345.000000,37.244653,131.856917,4532.941099,75.420998,4.031000,-21.696014
346.000000,37.244680,131.856892,4532.887150,75.290001,4.059000,-21.493988
347.000000,37.244706,131.856869,4532.834114,75.162003,4.088000,-21.290985
348.000000,37.244733,131.856845,4532.781994,75.036003,4.116000,-21.088989
349.000000,37.244759,131.856820,4532.731397,74.913002,4.145000,-20.886993
350.000000,37.244787,131.856797,4532.681714,74.792999,4.174000,-20.684998
351.000000,37.244814,131.856773,4532.633251,74.676003,4.204000,-20.483002
352.000000,37.244840,131.856749,4532.586007,74.561996,4.234000,-20.282013
353.000000,37.244868,131.856727,4532.539982,74.450996,4.265000,-20.079987
354.000000,37.244894,131.856703,4532.495177,74.343002,4.297000,-19.877991
355.000000,37.244922,131.856680,4532.451590,74.237999,4.328000,-19.677002
356.000000,37.244949,131.856657,4532.409528,74.136002,4.361000,-19.476013
357.000000,37.244976,131.856634,4532.368380,74.037003,4.394000,-19.273987
358.000000,37.245004,131.856611,4532.329061,73.941002,4.427000,-19.072998
359.000000,37.245031,131.856588,4532.290961,73.848000,4.461000,-18.872009
360.000000,37.245058,131.856566,4532.254080,73.757004,4.495000,-18.670990
361.000000,37.245086,131.856544,4532.218723,73.668999,4.530000,-18.470001
362.000000,37.245113,131.856521,4532.184586,73.584000,4.565000,-18.269989
363.000000,37.245142,131.856499,4532.152277,73.501999,4.601000,-18.069000
364.000000,37.245169,131.856477,4532.121187,73.421997,4.637000,-17.868011
365.000000,37.245197,131.856456,4532.091622,73.344002,4.674000,-17.667999
366.000000,37.245225,131.856433,4532.063885,73.268997,4.711000,-17.467010
367.000000,37.245252,131.856411,4532.037367,73.195000,4.748000,-17.266998
368.000000,37.245281,131.856390,4532.012374,73.124001,4.786000,-17.066010
369.000000,37.245309,131.856369,4531.989209,73.055000,4.824000,-16.865997
370.000000,37.245337,131.856348,4531.967263,72.987999,4.862000,-16.665009
371.000000,37.245365,131.856326,4531.947146,72.921997,4.901000,-16.464996
372.000000,37.245393,131.856306,4531.928554,72.859001,4.940000,-16.265015
373.000000,37.245422,131.856285,4531.911790,72.796997,4.979000,-16.063995
374.000000,37.245450,131.856263,4531.896550,72.736000,5.019000,-15.864014
375.000000,37.245478,131.856243,4531.883138,72.677002,5.059000,-15.664001
376.000000,37.245507,131.856222,4531.871251,72.620003,5.099000,-15.463013
377.000000,37.245536,131.856203,4531.860888,72.564003,5.140000,-15.263000
378.000000,37.245564,131.856182,4531.852658,72.509003,5.180000,-15.062988
379.000000,37.245593,131.856162,4531.845953,72.455002,5.221000,-14.862000
380.000000,37.245622,131.856142,4531.840771,72.403000,5.263000,-14.661987
381.000000,37.245650,131.856123,4531.837723,72.350998,5.304000,-14.462006
382.000000,37.245679,131.856102,4531.836199,72.301003,5.346000,-14.260986
383.000000,37.245707,131.856083,4531.836504,72.251999,5.387000,-14.061005
384.000000,37.245737,131.856063,4531.838638,72.203003,5.429000,-13.859985
385.000000,37.245766,131.856045,4531.842600,72.155998,5.472000,-13.660004
386.000000,37.245794,131.856025,4531.848391,72.109001,5.514000,-13.459991
387.000000,37.245824,131.856005,4531.856011,72.063004,5.557000,-13.259003
388.000000,37.245853,131.855987,4531.865765,72.017998,5.599000,-13.058990
389.000000,37.245882,131.855968,4531.877042,71.973000,5.642000,-12.858002
390.000000,37.245912,131.855950,4531.890149,71.929001,5.685000,-12.657990
391.000000,37.245941,131.855931,4531.905389,71.886002,5.728000,-12.457001
392.000000,37.245970,131.855913,4531.922458,71.843002,5.772000,-12.256989
393.000000,37.246000,131.855894,4531.941355,71.801003,5.815000,-12.056000
394.000000,37.246030,131.855876,4531.962082,71.759003,5.859000,-11.855988
395.000000,37.246058,131.855859,4531.984942,71.718002,5.902000,-11.654999
396.000000,37.246088,131.855840,4532.009630,71.677002,5.946000,-11.454987
397.000000,37.246118,131.855823,4532.036453,71.636002,5.990000,-11.253998
398.000000,37.246147,131.855805,4532.065104,71.596001,6.034000,-11.053009
399.000000,37.246177,131.855788,4532.095584,71.556999,6.079000,-10.852997
400.000000,37.246207,131.855770,4532.128198,71.516998,6.123000,-10.652008
401.000000,37.246237,131.855754,4532.162945,71.477997,6.167000,-10.450989
402.000000,37.246267,131.855736,4532.199521,71.440002,6.212000,-10.251007
403.000000,37.246297,131.855719,4532.238230,71.401001,6.257000,-10.049988
404.000000,37.246326,131.855702,4532.278769,71.363998,6.304000,-9.850006
405.000000,37.246357,131.855686,4532.321441,71.329002,6.355000,-9.652008
406.000000,37.246387,131.855669,4532.366246,71.292999,6.407000,-9.453003
407.000000,37.246417,131.855653,4532.413186,71.257004,6.461000,-9.256012
408.000000,37.246447,131.855637,4532.462563,71.220001,6.517000,-9.058990
409.000000,37.246478,131.855621,4532.513770,71.180000,6.573000,-8.862000
410.000000,37.246507,131.855605,4532.567110,71.138000,6.631000,-8.665009
411.000000,37.246538,131.855589,4532.622583,71.093002,6.688000,-8.467987
412.000000,37.246568,131.855574,4532.680495,71.045998,6.746000,-8.270996
413.000000,37.246598,131.855557,4532.740541,70.996002,6.804000,-8.075012
414.000000,37.246629,131.855542,4532.802720,70.943001,6.863000,-7.877991
415.000000,37.246660,131.855528,4532.867338,70.888000,6.922000,-7.681000
416.000000,37.246689,131.855512,4532.934089,70.830002,6.980000,-7.484009
417.000000,37.246720,131.855497,4533.002974,70.768997,7.039000,-7.286987
418.000000,37.246751,131.855482,4533.074297,70.707001,7.097000,-7.089996
419.000000,37.246781,131.855468,4533.148058,70.641998,7.156000,-6.891998
420.000000,37.246812,131.855454,4533.223649,70.574997,7.215000,-6.695007
421.000000,37.246843,131.855439,4533.301982,70.507004,7.273000,-6.497986
422.000000,37.246873,131.855425,4533.382450,70.436996,7.332000,-6.299988
423.000000,37.246904,131.855410,4533.465355,70.364998,7.390000,-6.102997
424.000000,37.246935,131.855396,4533.550699,70.292000,7.449000,-5.904999
425.000000,37.246967,131.855383,4533.638177,70.218002,7.507000,-5.708008
426.000000,37.246997,131.855369,4533.728093,70.141998,7.565000,-5.510010
427.000000,37.247028,131.855355,4533.820447,70.066002,7.624000,-5.312012
428.000000,37.247059,131.855342,4533.915240,69.988998,7.682000,-5.114990
429.000000,37.247090,131.855328,4534.012776,69.912003,7.740000,-4.916992
430.000000,37.247121,131.855316,4534.112446,69.833000,7.799000,-4.718994
431.000000,37.247152,131.855302,4534.214554,69.753998,7.857000,-4.520996
432.000000,37.247183,131.855289,4534.319100,69.675003,7.915000,-4.324005
433.000000,37.247214,131.855277,4534.426390,69.595001,7.973000,-4.126007
434.000000,37.247246,131.855264,4534.536118,69.515999,8.031000,-3.928986
435.000000,37.247276,131.855252,4534.648589,69.435997,8.090000,-3.730988
436.000000,37.247308,131.855240,4534.763194,69.356003,8.147000,-3.532990
437.000000,37.247339,131.855227,4534.880846,69.276001,8.206000,-3.335999
438.000000,37.247371,131.855215,4535.000938,69.195999,8.264000,-3.138000
439.000000,37.247402,131.855203,4535.123467,69.116997,8.322000,-2.941010
440.000000,37.247433,131.855191,4535.248740,69.037003,8.380000,-2.743011
441.000000,37.247465,131.855180,4535.376756,68.958000,8.438000,-2.545990
442.000000,37.247496,131.855169,4535.507515,68.879997,8.496000,-2.347992
443.000000,37.247528,131.855157,4535.640713,68.801003,8.554000,-2.151001
444.000000,37.247559,131.855146,4535.776654,68.723999,8.612000,-1.954010
445.000000,37.247590,131.855135,4535.915642,68.647003,8.670000,-1.756989
446.000000,37.247622,131.855124,4536.057070,68.570999,8.728000,-1.558990
447.000000,37.247654,131.855113,4536.201240,68.495003,8.786000,-1.362000
448.000000,37.247686,131.855102,4536.348458,68.419998,8.844000,-1.165009
449.000000,37.247717,131.855092,4536.498420,68.346001,8.902000,-0.967987
450.000000,37.247749,131.855081,4536.651125,68.273003,8.960000,-0.770996
451.000000,37.247781,131.855071,4536.806573,68.200996,9.018000,-0.574005
452.000000,37.247812,131.855061,4536.964764,68.129997,9.076000,-0.377014
453.000000,37.247844,131.855052,4537.126003,68.060997,9.133000,-0.178986
454.000000,37.247876,131.855041,4537.289986,67.994003,9.190000,0.018000
455.000000,37.247908,131.855032,4537.456711,67.928001,9.246000,0.215000
456.000000,37.247939,131.855022,4537.626485,67.864998,9.303000,0.413000
457.000000,37.247971,131.855013,4537.799306,67.803001,9.360000,0.610000
458.000000,37.248003,131.855003,4537.974566,67.745003,9.416000,0.808000
459.000000,37.248034,131.854994,4538.153179,67.688004,9.473000,1.005000
460.000000,37.248067,131.854986,4538.334535,67.634003,9.530000,1.202000
461.000000,37.248099,131.854977,4538.518939,67.582001,9.587000,1.399000
462.000000,37.248131,131.854968,4538.706086,67.531998,9.644000,1.596000
463.000000,37.248162,131.854959,4538.896282,67.484001,9.702000,1.793000
464.000000,37.248195,131.854951,4539.089525,67.439003,9.759000,1.990000
465.000000,37.248227,131.854943,4539.285816,67.394997,9.817000,2.186000
466.000000,37.248258,131.854934,4539.485155,67.353996,9.875000,2.383000
467.000000,37.248291,131.854926,4539.687542,67.314003,9.933000,2.579000
468.000000,37.248323,131.854919,4539.892673,67.276001,9.991000,2.775000
469.000000,37.248355,131.854911,4540.101156,67.238998,10.050000,2.972000
470.000000,37.248387,131.854904,4540.312687,67.204002,10.108000,3.168000
471.000000,37.248419,131.854896,4540.527266,67.169998,10.167000,3.364000
472.000000,37.248452,131.854889,4540.744894,67.138000,10.226000,3.560000
473.000000,37.248483,131.854882,4540.965569,67.107002,10.285000,3.756000
474.000000,37.248515,131.854875,4541.189292,67.078003,10.344000,3.952000
475.000000,37.248548,131.854868,4541.416368,67.049004,10.403000,4.148000
476.000000,37.248580,131.854861,4541.646187,67.022003,10.462000,4.343000
477.000000,37.248612,131.854854,4541.879359,66.995003,10.522000,4.539000
478.000000,37.248644,131.854848,4542.115884,66.970001,10.581000,4.735000
479.000000,37.248677,131.854842,4542.355152,66.945000,10.641000,4.931000
480.000000,37.248708,131.854836,4542.597773,66.920998,10.700000,5.126000
481.000000,37.248741,131.854830,4542.843746,66.898003,10.760000,5.322000
482.000000,37.248774,131.854823,4543.092768,66.875999,10.820000,5.518000
483.000000,37.248806,131.854818,4543.344838,66.853996,10.880000,5.714000
484.000000,37.248838,131.854812,4543.599955,66.833000,10.940000,5.909000
485.000000,37.248870,131.854807,4543.858730,66.811996,10.999000,6.105000
486.000000,37.248903,131.854802,4544.120249,66.792000,11.059000,6.301000
487.000000,37.248936,131.854797,4544.385120,66.773003,11.119000,6.496000
488.000000,37.248967,131.854791,4544.653344,66.753998,11.180000,6.692000
489.000000,37.249000,131.854786,4544.924616,66.735001,11.240000,6.888000
490.000000,37.249032,131.854782,4545.199241,66.717003,11.300000,7.083000
491.000000,37.249064,131.854777,4545.476914,66.699997,11.360000,7.279000
492.000000,37.249097,131.854773,4545.757939,66.681999,11.420000,7.475000
493.000000,37.249129,131.854769,4546.042318,66.666000,11.480000,7.671000
494.000000,37.249162,131.854765,4546.329744,66.649002,11.541000,7.867000
495.000000,37.249194,131.854761,4546.620523,66.633003,11.601000,8.062000
496.000000,37.249226,131.854756,4546.914350,66.616997,11.661000,8.258000
497.000000,37.249259,131.854752,4547.211530,66.600998,11.721000,8.454000
498.000000,37.249291,131.854749,4547.512063,66.585999,11.782000,8.650000
499.000000,37.249323,131.854746,4547.815949,66.570999,11.842000,8.846000
500.000000,37.249356,131.854742,4548.122882,66.556000,11.902000,9.042000
501.000000,37.249389,131.854739,4548.433169,66.541000,11.963000,9.238000
502.000000,37.249421,131.854736,4548.746808,66.527000,12.023000,9.434000
503.000000,37.249453,131.854734,4549.063495,66.513000,12.083000,9.629000
504.000000,37.249486,131.854731,4549.383840,66.499001,12.144000,9.825000
505.000000,37.249519,131.854728,4549.707233,66.485001,12.204000,10.021000
506.000000,37.249550,131.854726,4550.033978,66.472000,12.265000,10.217000
507.000000,37.249583,131.854724,4550.364077,66.458000,12.325000,10.413000
508.000000,37.249616,131.854720,4550.697223,66.445000,12.385000,10.609000
509.000000,37.249648,131.854719,4551.034027,66.431999,12.446000,10.805000
510.000000,37.249680,131.854717,4551.373879,66.419998,12.506000,11.001000
511.000000,37.249713,131.854715,4551.717084,66.406998,12.567000,11.197000
512.000000,37.249746,131.854713,4552.063642,66.394997,12.627000,11.394000
513.000000,37.249777,131.854712,4552.413552,66.383003,12.688000,11.590000
514.000000,37.249810,131.854711,4552.766815,66.370003,12.748000,11.786000
515.000000,37.249843,131.854709,4553.123431,66.359001,12.808000,11.982000
516.000000,37.249876,131.854708,4553.483400,66.347000,12.869000,12.178000
517.000000,37.249907,131.854707,4553.846722,66.334999,12.929000,12.374000
518.000000,37.249940,131.854707,4554.213091,66.323997,12.990000,12.570000
519.000000,37.249973,131.854706,4554.583118,66.313004,13.050000,12.766000
520.000000,37.250004,131.854706,4554.956498,66.302002,13.111000,12.962000
521.000000,37.250037,131.854705,4555.332926,66.291000,13.171000,13.159000
522.000000,37.250070,131.854705,4555.713012,66.279999,13.232000,13.355000
523.000000,37.250102,131.854705,4556.096146,66.269997,13.292000,13.551000
524.000000,37.250134,131.854705,4556.482937,66.260002,13.353000,13.747000
525.000000,37.250167,131.854705,4556.873081,66.250000,13.413000,13.943000
526.000000,37.250199,131.854706,4557.266273,66.239998,13.474000,14.140000
527.000000,37.250232,131.854706,4557.663122,66.230003,13.534000,14.336000
528.000000,37.250264,131.854707,4558.063325,66.221001,13.594000,14.532000
529.000000,37.250296,131.854707,4558.466880,66.210999,13.655000,14.728000
530.000000,37.250329,131.854708,4558.873788,66.202003,13.715000,14.924000
531.000000,37.250361,131.854709,4559.284049,66.194000,13.776000,15.121000
532.000000,37.250393,131.854710,4559.697662,66.184998,13.836000,15.317000
533.000000,37.250426,131.854712,4560.114629,66.177002,13.897000,15.513000
534.000000,37.250458,131.854713,4560.534948,66.168999,13.957000,15.709000
535.000000,37.250490,131.854715,4560.958925,66.161003,14.018000,15.906000
536.000000,37.250523,131.854716,4561.385340,66.158997,14.077000,16.101999
537.000000,37.250555,131.854718,4561.815413,66.163002,14.136000,16.299000
538.000000,37.250587,131.854720,4562.248534,66.172997,14.195000,16.496000
539.000000,37.250619,131.854722,4562.684702,66.188004,14.253000,16.694000
540.000000,37.250652,131.854724,4563.124224,66.208000,14.311000,16.891001
541.000000,37.250684,131.854726,4563.567098,66.233002,14.368000,17.087999
542.000000,37.250716,131.854729,4564.013021,66.262001,14.426000,17.285999
543.000000,37.250748,131.854732,4564.462296,66.294998,14.483000,17.483000
544.000000,37.250781,131.854735,4564.914619,66.332001,14.540000,17.680000
545.000000,37.250813,131.854738,4565.370295,66.371002,14.596000,17.878000
546.000000,37.250845,131.854741,4565.829324,66.413002,14.653000,18.075001
547.000000,37.250877,131.854744,4566.291401,66.458000,14.709000,18.271999
548.000000,37.250910,131.854747,4566.756830,66.503998,14.765000,18.469000
549.000000,37.250941,131.854751,4567.225613,66.551003,14.821000,18.666000
550.000000,37.250973,131.854754,4567.697443,66.599998,14.876000,18.862000
551.000000,37.251006,131.854758,4568.172626,66.649002,14.932000,19.059000
552.000000,37.251038,131.854762,4568.650858,66.699997,14.987000,19.256001
553.000000,37.251069,131.854765,4569.132746,66.750000,15.042000,19.452999
554.000000,37.251102,131.854769,4569.617683,66.801003,15.096000,19.650000
555.000000,37.251134,131.854775,4570.105668,66.850998,15.151000,19.846001
556.000000,37.251165,131.854779,4570.597006,66.900002,15.205000,20.042999
557.000000,37.251198,131.854783,4571.091696,66.948997,15.259000,20.240000
558.000000,37.251230,131.854788,4571.589739,66.997002,15.312000,20.437000
559.000000,37.251262,131.854793,4572.090526,67.044998,15.366000,20.634001
560.000000,37.251293,131.854797,4572.594970,67.091003,15.419000,20.830999
561.000000,37.251325,131.854802,4573.102462,67.136002,15.472000,21.028000
562.000000,37.251358,131.854807,4573.613306,67.180000,15.525000,21.225000
563.000000,37.251389,131.854814,4574.127199,67.223000,15.577000,21.423000
564.000000,37.251421,131.854819,4574.644140,67.264000,15.629000,21.620001
565.000000,37.251453,131.854824,4575.164434,67.304001,15.681000,21.818001
566.000000,37.251485,131.854830,4575.687775,67.343002,15.733000,22.014999
567.000000,37.251516,131.854836,4576.214470,67.379997,15.784000,22.212999
568.000000,37.251548,131.854841,4576.744212,67.415001,15.836000,22.410999
569.000000,37.251580,131.854847,4577.277307,67.449997,15.887000,22.608000
570.000000,37.251611,131.854855,4577.813450,67.482002,15.938000,22.806000
571.000000,37.251643,131.854861,4578.352642,67.514000,15.988000,23.004000
572.000000,37.251675,131.854867,4578.894881,67.543999,16.039000,23.202999
573.000000,37.251707,131.854874,4579.440473,67.572998,16.089001,23.400999
574.000000,37.251738,131.854880,4579.989113,67.599998,16.139999,23.599001
575.000000,37.251770,131.854887,4580.540801,67.626999,16.190001,23.797001
576.000000,37.251801,131.854895,4581.095842,67.652000,16.240000,23.996000
577.000000,37.251832,131.854902,4581.653626,67.676003,16.289000,24.194000
578.000000,37.251864,131.854909,4582.214762,67.698997,16.339001,24.393000
579.000000,37.251896,131.854916,4582.778947,67.721001,16.388000,24.591000
580.000000,37.251927,131.854924,4583.346180,67.741997,16.438000,24.790001
581.000000,37.251958,131.854932,4583.916461,67.762001,16.487000,24.989000
582.000000,37.251990,131.854940,4584.489790,67.781998,16.535999,25.188000
583.000000,37.252021,131.854948,4585.066471,67.800003,16.584999,25.386000
584.000000,37.252052,131.854956,4585.645896,67.818001,16.634001,25.584999
585.000000,37.252084,131.854964,4586.228674,67.834999,16.683001,25.784000
586.000000,37.252115,131.854973,4586.814194,67.851997,16.732000,25.983000
587.000000,37.252146,131.854981,4587.403068,67.867996,16.781000,26.181999
588.000000,37.252177,131.854990,4587.994990,67.884003,16.829000,26.381001
589.000000,37.252209,131.854998,4588.589654,67.899002,16.878000,26.580000
590.000000,37.252240,131.855007,4589.187672,67.914001,16.926001,26.778999
591.000000,37.252270,131.855017,4589.788738,67.928001,16.975000,26.978001
592.000000,37.252302,131.855026,4590.392546,67.943001,17.023001,27.177000
593.000000,37.252333,131.855035,4590.999708,67.957001,17.070999,27.375999
594.000000,37.252363,131.855044,4591.609613,67.971001,17.118999,27.576000
595.000000,37.252395,131.855054,4592.222870,67.984001,17.167999,27.775000
596.000000,37.252426,131.855064,4592.838871,67.998001,17.216000,27.974001
597.000000,37.252456,131.855073,4593.457920,68.011002,17.264000,28.173000
598.000000,37.252487,131.855083,4594.080017,68.025002,17.312000,28.372000
599.000000,37.252518,131.855094,4594.705466,68.038002,17.360001,28.570999
600.000000,37.252548,131.855104,4595.333659,68.052002,17.408001,28.771000
601.000000,37.252579,131.855114,4595.964595,68.065002,17.455999,28.969999
602.000000,37.252610,131.855125,4596.598884,68.079002,17.504000,29.169001
603.000000,37.252641,131.855135,4597.236221,68.093002,17.551001,29.368000
604.000000,37.252671,131.855146,4597.876301,68.106003,17.599001,29.566999
605.000000,37.252702,131.855156,4598.519429,68.120003,17.646999,29.766001
606.000000,37.252733,131.855168,4599.165605,68.134003,17.695000,29.966000
607.000000,37.252763,131.855179,4599.814829,68.148003,17.742001,30.165001
608.000000,37.252794,131.855190,4600.467101,68.163002,17.790001,30.364000
609.000000,37.252824,131.855202,4601.122116,68.177002,17.837000,30.563000
610.000000,37.252854,131.855213,4601.780484,68.192001,17.885000,30.763000
611.000000,37.252885,131.855224,4602.441595,68.207001,17.931999,30.962000
612.000000,37.252915,131.855235,4603.105754,68.222000,17.980000,31.160999
613.000000,37.252945,131.855248,4603.772657,68.237000,18.027000,31.360001
614.000000,37.252975,131.855260,4604.442607,68.252998,18.075001,31.559999
615.000000,37.253006,131.855271,4605.115910,68.267998,18.122000,31.759001
616.000000,37.253035,131.855284,4605.791652,68.283997,18.169001,31.958000
617.000000,37.253066,131.855296,4606.470746,68.300003,18.216000,32.158001
618.000000,37.253096,131.855308,4607.152584,68.317001,18.264000,32.356998
619.000000,37.253126,131.855322,4607.837470,68.333000,18.311001,32.556000
620.000000,37.253156,131.855334,4608.525098,68.349998,18.358000,32.756001
621.000000,37.253186,131.855347,4609.216080,68.366997,18.405001,32.955002
622.000000,37.253215,131.855360,4609.909500,68.384003,18.452000,33.154999
623.000000,37.253246,131.855373,4610.606273,68.401001,18.499001,33.354000
624.000000,37.253276,131.855386,4611.305789,68.418999,18.546000,33.553001
625.000000,37.253305,131.855400,4612.008353,68.436996,18.593000,33.752998
626.000000,37.253335,131.855413,4612.713660,68.455002,18.639000,33.952999
627.000000,37.253365,131.855426,4613.422015,68.473000,18.686001,34.152000
628.000000,37.253394,131.855441,4614.133418,68.490997,18.733000,34.352001
629.000000,37.253424,131.855454,4614.847565,68.510002,18.780001,34.550999
630.000000,37.253453,131.855469,4615.564759,68.528000,18.826000,34.750999
631.000000,37.253482,131.855482,4616.284697,68.546997,18.872999,34.950001
632.000000,37.253512,131.855496,4617.007682,68.566002,18.919001,35.150002
633.000000,37.253542,131.855511,4617.733411,68.584999,18.966000,35.349998
634.000000,37.253570,131.855525,4618.462188,68.605003,19.011999,35.549999
635.000000,37.253600,131.855539,4619.193708,68.624001,19.058001,35.749001
636.000000,37.253630,131.855555,4619.928276,68.643997,19.105000,35.949001
637.000000,37.253658,131.855569,4620.665587,68.664001,19.150999,36.148998
638.000000,37.253688,131.855584,4621.405946,68.683998,19.197001,36.348999
639.000000,37.253717,131.855599,4622.149049,68.704002,19.243000,36.549000
640.000000,37.253745,131.855614,4622.895199,68.723999,19.289000,36.749001
641.000000,37.253775,131.855630,4623.644093,68.744003,19.334999,36.949001
642.000000,37.253804,131.855645,4624.395730,68.764000,19.381001,37.148998
643.000000,37.253832,131.855661,4625.150414,68.785004,19.427000,37.348999
644.000000,37.253861,131.855676,4625.907842,68.805000,19.473000,37.549000
645.000000,37.253890,131.855691,4626.668014,68.825996,19.518999,37.749001
646.000000,37.253919,131.855708,4627.431233,68.847000,19.563999,37.949001
647.000000,37.253948,131.855723,4628.197195,68.867996,19.610001,38.148998
648.000000,37.253977,131.855740,4628.966206,68.889000,19.655001,38.349998
649.000000,37.254004,131.855756,4629.737959,68.910004,19.701000,38.549999
650.000000,37.254033,131.855773,4630.512456,68.931000,19.746000,38.750000
651.000000,37.254061,131.855789,4631.289696,68.952003,19.792000,38.951000
652.000000,37.254090,131.855805,4632.069984,68.973999,19.837000,39.151001
653.000000,37.254119,131.855822,4632.852710,68.995003,19.882000,39.351002
654.000000,37.254146,131.855838,4633.638485,69.016998,19.927000,39.551998
655.000000,37.254175,131.855856,4634.427307,69.038002,19.972000,39.752998
656.000000,37.254203,131.855872,4635.218568,69.059998,20.017000,39.952999
657.000000,37.254231,131.855890,4636.012877,69.082001,20.062000,40.153999
658.000000,37.254259,131.855907,4636.809624,69.102997,20.107000,40.354000
659.000000,37.254288,131.855925,4637.609419,69.125000,20.152000,40.555000
660.000000,37.254315,131.855942,4638.411958,69.147003,20.197001,40.756001
661.000000,37.254343,131.855959,4639.217239,69.168999,20.242001,40.957001
662.000000,37.254370,131.855977,4640.025569,69.191002,20.285999,41.157001
663.000000,37.254399,131.855995,4640.836337,69.212997,20.330999,41.358002
664.000000,37.254427,131.856013,4641.649848,69.236000,20.375000,41.558998
665.000000,37.254454,131.856031,4642.466407,69.258003,20.420000,41.759998
666.000000,37.254482,131.856049,4643.285405,69.279999,20.464001,41.960999
667.000000,37.254510,131.856067,4644.107450,69.303001,20.507999,42.161999
668.000000,37.254536,131.856086,4644.931934,69.324997,20.552999,42.362999
669.000000,37.254564,131.856104,4645.759162,69.347000,20.597000,42.563999
670.000000,37.254591,131.856123,4646.589437,69.370003,20.641001,42.764999
671.000000,37.254619,131.856141,4647.422150,69.392998,20.684999,42.966999
672.000000,37.254646,131.856161,4648.257912,69.415001,20.729000,43.167999
673.000000,37.254673,131.856179,4649.096112,69.438004,20.773001,43.368999
674.000000,37.254700,131.856198,4649.937055,69.460999,20.816999,43.570999
675.000000,37.254727,131.856217,4650.780742,69.484001,20.860001,43.771999
676.000000,37.254754,131.856237,4651.627171,69.505997,20.903999,43.973000
677.000000,37.254781,131.856256,4652.476039,69.528999,20.948000,44.174999
678.000000,37.254808,131.856276,4653.327955,69.552002,20.990999,44.375999
679.000000,37.254835,131.856295,4654.182310,69.574997,21.035000,44.577999
680.000000,37.254861,131.856315,4655.039712,69.598999,21.077999,44.778999
681.000000,37.254888,131.856334,4655.899553,69.622002,21.121000,44.980999
682.000000,37.254915,131.856355,4656.761832,69.644997,21.164000,45.182999
683.000000,37.254941,131.856374,4657.627159,69.667999,21.208000,45.383999
684.000000,37.254968,131.856395,4658.494925,69.691002,21.250999,45.585999
685.000000,37.254994,131.856415,4659.365434,69.714996,21.294001,45.787998
686.000000,37.255020,131.856435,4660.238381,69.737999,21.337000,45.990002
687.000000,37.255047,131.856456,4661.114376,69.762001,21.379999,46.192001
688.000000,37.255073,131.856476,4661.992810,69.785004,21.423000,46.393002
689.000000,37.255099,131.856497,4662.873682,69.808998,21.465000,46.595001
690.000000,37.255125,131.856517,4663.757602,69.832001,21.507999,46.797001
691.000000,37.255151,131.856539,4664.643655,69.856003,21.551001,46.999001
692.000000,37.255178,131.856559,4665.532757,69.879997,21.593000,47.202000
693.000000,37.255203,131.856580,4666.424297,69.903000,21.636000,47.403999
694.000000,37.255229,131.856601,4667.318580,69.927002,21.677999,47.605999
695.000000,37.255254,131.856623,4668.215302,69.950996,21.719999,47.807999
696.000000,37.255280,131.856645,4669.114462,69.974998,21.763000,48.009998
697.000000,37.255305,131.856665,4670.016365,69.999001,21.805000,48.213001
698.000000,37.255331,131.856687,4670.921011,70.023003,21.847000,48.415001
699.000000,37.255357,131.856708,4671.828096,70.046997,21.889000,48.617001
700.000000,37.255382,131.856731,4672.737924,70.070999,21.931000,48.820000
701.000000,37.255408,131.856752,4673.650190,70.095001,21.973000,49.021999
702.000000,37.255433,131.856774,4674.564895,70.119003,22.014999,49.224998
703.000000,37.255458,131.856797,4675.482343,70.142998,22.056000,49.426998
704.000000,37.255483,131.856818,4676.402230,70.167000,22.098000,49.630001
705.000000,37.255508,131.856841,4677.324859,70.192001,22.139999,49.832001
706.000000,37.255534,131.856863,4678.249927,70.216003,22.181000,50.035000
707.000000,37.255558,131.856886,4679.177434,70.239998,22.223000,50.237999
708.000000,37.255583,131.856909,4680.107683,70.264999,22.264000,50.439999
709.000000,37.255608,131.856931,4681.040371,70.289001,22.306000,50.643002
710.000000,37.255633,131.856954,4681.975498,70.313004,22.347000,50.846001
711.000000,37.255657,131.856976,4682.913062,70.337997,22.388000,51.049000
712.000000,37.255682,131.856999,4683.853370,70.362000,22.429001,51.251999
713.000000,37.255706,131.857023,4684.796117,70.387001,22.469999,51.455002
714.000000,37.255731,131.857045,4685.741302,70.411003,22.511000,51.658001
715.000000,37.255755,131.857069,4686.688925,70.435997,22.552000,51.861000
716.000000,37.255779,131.857092,4687.639291,70.460999,22.593000,52.063999
717.000000,37.255804,131.857116,4688.591791,70.485001,22.634001,52.266998
718.000000,37.255827,131.857140,4689.547034,70.510002,22.674999,52.471001
719.000000,37.255852,131.857162,4690.504716,70.535004,22.715000,52.674000
720.000000,37.255875,131.857187,4691.464836,70.558998,22.756001,52.876999
721.000000,37.255900,131.857211,4692.427394,70.584000,22.796000,53.081001
722.000000,37.255923,131.857234,4693.392391,70.609001,22.837000,53.284000
723.000000,37.255947,131.857258,4694.359826,70.634003,22.877001,53.487000
724.000000,37.255970,131.857283,4695.329700,70.658997,22.917000,53.691002
725.000000,37.255994,131.857306,4696.302012,70.682999,22.958000,53.894001
726.000000,37.256017,131.857331,4697.276762,70.708000,22.997999,54.098000
727.000000,37.256041,131.857355,4698.253951,70.733002,23.038000,54.301998
728.000000,37.256065,131.857379,4699.233578,70.758003,23.077999,54.505001
729.000000,37.256088,131.857404,4700.215644,70.782997,23.118000,54.709000
730.000000,37.256111,131.857428,4701.200148,70.807999,23.158001,54.912998
731.000000,37.256134,131.857453,4702.187090,70.833000,23.197001,55.116001
732.000000,37.256157,131.857479,4703.176471,70.858002,23.237000,55.320000
733.000000,37.256180,131.857503,4704.167986,70.883003,23.277000,55.523998
734.000000,37.256203,131.857528,4705.162243,70.907997,23.316000,55.728001
735.000000,37.256226,131.857554,4706.158634,70.932999,23.356001,55.931999
736.000000,37.256249,131.857578,4707.157464,70.958000,23.395000,56.136002
737.000000,37.256271,131.857604,4708.158732,70.983002,23.434999,56.340000
738.000000,37.256294,131.857629,4709.162134,71.008003,23.474001,56.543999
739.000000,37.256316,131.857654,4710.167974,71.032997,23.513000,56.748001
740.000000,37.256339,131.857680,4711.176252,71.057999,23.552999,56.952000
741.000000,37.256361,131.857706,4712.186969,71.083000,23.591999,57.155998
742.000000,37.256383,131.857731,4713.199819,71.108002,23.631001,57.361000
743.000000,37.256405,131.857757,4714.215413,71.133003,23.670000,57.564999
744.000000,37.256428,131.857783,4715.232835,71.157997,23.709000,57.769001
745.000000,37.256449,131.857809,4716.253001,71.182999,23.747000,57.973999
746.000000,37.256472,131.857835,4717.275300,71.208000,23.785999,58.178001
747.000000,37.256493,131.857861,4718.299733,71.233002,23.825001,58.382000
748.000000,37.256515,131.857887,4719.326604,71.258003,23.863001,58.587002
749.000000,37.256537,131.857913,4720.355914,71.282997,23.902000,58.791000
750.000000,37.256559,131.857940,4721.387357,71.307999,23.941000,58.995998
751.000000,37.256580,131.857966,4722.421238,71.333000,23.979000,59.200001
752.000000,37.256602,131.857992,4723.457558,71.358002,24.017000,59.404999
753.000000,37.256623,131.858019,4724.495707,71.383003,24.056000,59.610001
754.000000,37.256644,131.858046,4725.536599,71.407997,24.094000,59.813999
755.000000,37.256665,131.858073,4726.579320,71.432999,24.132000,60.019001
756.000000,37.256687,131.858099,4727.624784,71.458000,24.170000,60.223999
757.000000,37.256707,131.858126,4728.672077,71.483002,24.208000,60.429001
758.000000,37.256728,131.858154,4729.721808,71.508003,24.246000,60.633999
759.000000,37.256749,131.858180,4730.773978,71.532997,24.284000,60.839001
760.000000,37.256769,131.858207,4731.827976,71.556999,24.322001,61.042999
761.000000,37.256791,131.858235,4732.884413,71.582001,24.360001,61.248001
762.000000,37.256811,131.858263,4733.943288,71.607002,24.396999,61.452999
763.000000,37.256832,131.858289,4735.003992,71.632004,24.434999,61.659000
764.000000,37.256852,131.858317,4736.067134,71.656998,24.472000,61.863998
765.000000,37.256873,131.858345,4737.132715,71.681000,24.510000,62.069000
766.000000,37.256893,131.858373,4738.200125,71.706001,24.547001,62.273998
767.000000,37.256913,131.858400,4739.269973,71.731003,24.584999,62.479000
768.000000,37.256933,131.858428,4740.341954,71.755997,24.622000,62.683998
769.000000,37.256954,131.858456,4741.416070,71.779999,24.659000,62.889999
770.000000,37.256973,131.858484,4742.492318,71.805000,24.697001,63.095001
771.000000,37.256992,131.858511,4743.571006,71.829002,24.733999,63.299999
772.000000,37.257013,131.858539,4744.651522,71.853996,24.771000,63.506001
773.000000,37.257032,131.858568,4745.734476,71.877998,24.808001,63.710999
774.000000,37.257052,131.858596,4746.819564,71.903000,24.844999,63.917000
775.000000,37.257071,131.858624,4747.906786,71.927002,24.882000,64.122002
776.000000,37.257091,131.858652,4748.996141,71.952003,24.917999,64.328003
777.000000,37.257110,131.858681,4750.087630,71.975998,24.955000,64.532997
778.000000,37.257130,131.858710,4751.181252,72.000000,24.992001,64.738998
779.000000,37.257149,131.858738,4752.277008,72.024002,25.028999,64.944000
780.000000,37.257167,131.858766,4753.374898,72.049004,25.065001,65.150002
781.000000,37.257187,131.858795,4754.474921,72.072998,25.101999,65.356003
782.000000,37.257205,131.858824,4755.577078,72.097000,25.138000,65.561996
783.000000,37.257225,131.858852,4756.681368,72.121002,25.174999,65.766998
784.000000,37.257243,131.858882,4757.787792,72.144997,25.211000,65.973000
785.000000,37.257262,131.858911,4758.896350,72.168999,25.247000,66.179001
786.000000,37.257280,131.858940,4760.007041,72.193001,25.283001,66.385002
787.000000,37.257298,131.858968,4761.119561,72.217003,25.320000,66.591003
788.000000,37.257317,131.858998,4762.234519,72.240997,25.356001,66.796997
789.000000,37.257335,131.859027,4763.351306,72.264999,25.392000,67.002998
790.000000,37.257354,131.859057,4764.470227,72.288002,25.427999,67.209000
791.000000,37.257372,131.859086,4765.591282,72.311996,25.464001,67.415001
792.000000,37.257389,131.859115,4766.714165,72.334999,25.500000,67.621002
793.000000,37.257408,131.859145,4767.839486,72.359001,25.535999,67.827003
794.000000,37.257425,131.859175,4768.966637,72.382004,25.570999,68.032997
795.000000,37.257443,131.859204,4770.095921,72.405998,25.607000,68.239998
796.000000,37.257461,131.859234,4771.227338,72.429001,25.643000,68.445999
797.000000,37.257478,131.859263,4772.360585,72.452003,25.677999,68.652000
798.000000,37.257496,131.859293,4773.495965,72.475998,25.714001,68.858002
799.000000,37.257513,131.859323,4774.633478,72.499001,25.750000,69.065002
800.000000,37.257531,131.859354,4775.772821,72.522003,25.785000,69.271004
801.000000,37.257547,131.859384,4776.914297,72.544998,25.820999,69.477997
802.000000,37.257564,131.859413,4778.057602,72.568001,25.856001,69.683998
803.000000,37.257582,131.859443,4779.203345,72.591003,25.891001,69.890999
804.000000,37.257598,131.859474,4780.350612,72.612999,25.927000,70.097000
805.000000,37.257616,131.859504,4781.500013,72.636002,25.962000,70.304001
806.000000,37.257632,131.859535,4782.651547,72.658997,25.997000,70.510002
807.000000,37.257648,131.859564,4783.805215,72.681000,26.032000,70.717003
808.000000,37.257666,131.859595,4784.960407,72.704002,26.066999,70.922997
809.000000,37.257682,131.859625,4786.118038,72.725998,26.101999,71.129997
810.000000,37.257698,131.859656,4787.277497,72.749001,26.136999,71.336998
811.000000,37.257715,131.859687,4788.438785,72.771004,26.172001,71.543999
812.000000,37.257730,131.859717,4789.602206,72.792999,26.207001,71.750000
813.000000,37.257746,131.859748,4790.767457,72.815002,26.242001,71.957001
814.000000,37.257763,131.859779,4791.934536,72.836998,26.277000,72.164001
815.000000,37.257778,131.859810,4793.103749,72.859001,26.312000,72.371002
816.000000,37.257795,131.859841,4794.274790,72.880997,26.347000,72.578003
817.000000,37.257810,131.859872,4795.447966,72.903000,26.381001,72.785004
818.000000,37.257825,131.859902,4796.622970,72.925003,26.416000,72.991997
819.000000,37.257841,131.859933,4797.799802,72.945999,26.451000,73.198997
820.000000,37.257856,131.859964,4798.978769,72.968002,26.485001,73.405998
821.000000,37.257871,131.859996,4800.159564,72.988998,26.520000,73.612999
822.000000,37.257887,131.860027,4801.342188,73.010002,26.554001,73.820000
823.000000,37.257902,131.860058,4802.526946,73.031998,26.589001,74.027000
824.000000,37.257917,131.860089,4803.713227,73.053001,26.622999,74.234001
825.000000,37.257932,131.860120,4804.901642,73.073997,26.658001,74.441002
826.000000,37.257947,131.860152,4806.091886,73.095001,26.691999,74.649002
827.000000,37.257961,131.860184,4807.284264,73.114998,26.726000,74.856003
828.000000,37.257977,131.860215,4808.478166,73.136002,26.761000,75.063004
829.000000,37.257991,131.860247,4809.674201,73.156998,26.795000,75.271004
830.000000,37.258005,131.860278,4810.872065,73.178001,26.829000,75.477997
831.000000,37.258020,131.860309,4812.071758,73.197998,26.863001,75.684998
832.000000,37.258034,131.860341,4813.273279,73.218002,26.896999,75.892998
833.000000,37.258048,131.860373,4814.476630,73.238998,26.931999,76.099998
834.000000,37.258063,131.860405,4815.681809,73.259003,26.966000,76.307999
835.000000,37.258077,131.860437,4816.889122,73.278999,27.000000,76.514999
836.000000,37.258090,131.860469,4818.097958,73.299004,27.034000,76.723000
837.000000,37.258105,131.860500,4819.308624,73.319000,27.068001,76.930000
838.000000,37.258118,131.860532,4820.521423,73.338997,27.101999,77.138000
839.000000,37.258131,131.860564,4821.735746,73.358002,27.136000,77.345001
840.000000,37.258145,131.860597,4822.952203,73.377998,27.170000,77.553001
841.000000,37.258159,131.860629,4824.170184,73.398003,27.204000,77.761002
842.000000,37.258172,131.860661,4825.390298,73.417000,27.238001,77.968002
843.000000,37.258185,131.860693,4826.611937,73.435997,27.271000,78.176003
844.000000,37.258199,131.860725,4827.835404,73.456001,27.305000,78.384003
845.000000,37.258211,131.860757,4829.060700,73.474998,27.339001,78.592003
846.000000,37.258224,131.860790,4830.287825,73.494003,27.372999,78.799004
847.000000,37.258238,131.860822,4831.516778,73.513000,27.407000,79.007004
848.000000,37.258250,131.860855,4832.747561,73.531998,27.440001,79.214996
849.000000,37.258262,131.860887,4833.980172,73.551003,27.474001,79.422997
850.000000,37.258275,131.860920,4835.214307,73.569000,27.507999,79.630997
851.000000,37.258288,131.860951,4836.450576,73.587997,27.542000,79.838997
852.000000,37.258300,131.860984,4837.688369,73.606003,27.575001,80.046997
853.000000,37.258312,131.861017,4838.927990,73.625000,27.608999,80.254997
854.000000,37.258325,131.861049,4840.169441,73.642998,27.642000,80.462997
855.000000,37.258337,131.861082,4841.412415,73.662003,27.676001,80.670998
856.000000,37.258348,131.861115,4842.657523,73.680000,27.709999,80.878998
857.000000,37.258360,131.861148,4843.904155,73.697998,27.743000,81.086998
858.000000,37.258372,131.861181,4845.152311,73.716003,27.777000,81.294998
859.000000,37.258384,131.861213,4846.402601,73.734001,27.809999,81.502998
860.000000,37.258395,131.861246,4847.654414,73.751999,27.844000,81.711998
861.000000,37.258406,131.861278,4848.908057,73.769997,27.877001,81.919998
862.000000,37.258419,131.861311,4850.163223,73.787003,27.910999,82.127998
863.000000,37.258430,131.861345,4851.420523,73.805000,27.944000,82.335999
864.000000,37.258441,131.861378,4852.679042,73.822998,27.978001,82.544998
865.000000,37.258451,131.861411,4853.939695,73.839996,28.011000,82.752998
866.000000,37.258463,131.861444,4855.201872,73.858002,28.045000,82.960999
867.000000,37.258474,131.861476,4856.465573,73.875999,28.079000,83.169998
868.000000,37.258484,131.861509,4857.731407,73.893997,28.112000,83.377998
869.000000,37.258495,131.861542,4858.998461,73.912003,28.146000,83.585999
870.000000,37.258506,131.861576,4860.267648,73.930000,28.180000,83.793999
871.000000,37.258516,131.861609,4861.538054,73.947998,28.214001,84.002998
872.000000,37.258527,131.861642,4862.810594,73.966003,28.247999,84.210999
873.000000,37.258537,131.861676,4864.084658,73.985001,28.283001,84.418999
874.000000,37.258548,131.861709,4865.360246,74.003998,28.318001,84.626999
875.000000,37.258558,131.861742,4866.637663,74.023003,28.353001,84.834999
876.000000,37.258567,131.861775,4867.916604,74.042000,28.388000,85.042999
877.000000,37.258577,131.861808,4869.197069,74.060997,28.424000,85.250999
878.000000,37.258588,131.861842,4870.479362,74.080002,28.459000,85.459000
879.000000,37.258597,131.861875,4871.763485,74.099998,28.496000,85.666000
880.000000,37.258607,131.861909,4873.049131,74.120003,28.532000,85.874001
881.000000,37.258616,131.861942,4874.336302,74.139999,28.569000,86.082001
882.000000,37.258625,131.861976,4875.624996,74.158997,28.606001,86.289001
883.000000,37.258635,131.862009,4876.915519,74.178001,28.643000,86.497002
884.000000,37.258644,131.862043,4878.207871,74.197998,28.680000,86.704002
885.000000,37.258653,131.862077,4879.501442,74.218002,28.718000,86.912003
886.000000,37.258662,131.862109,4880.796842,74.237000,28.756001,87.119003
887.000000,37.258671,131.862143,4882.093766,74.255997,28.795000,87.325996
888.000000,37.258680,131.862177,4883.392519,74.276001,28.834000,87.533997
889.000000,37.258689,131.862210,4884.692796,74.293999,28.872000,87.740997
890.000000,37.258697,131.862244,4885.994292,74.313004,28.912001,87.947998
891.000000,37.258706,131.862278,4887.297922,74.331001,28.951000,88.154999
892.000000,37.258714,131.862312,4888.602770,74.349998,28.990999,88.362000
893.000000,37.258723,131.862345,4889.909448,74.366997,29.032000,88.569000
894.000000,37.258731,131.862379,4891.217650,74.385002,29.072001,88.775002
895.000000,37.258739,131.862413,4892.527375,74.401001,29.113001,88.982002
896.000000,37.258747,131.862446,4893.838625,74.417999,29.153999,89.189003
897.000000,37.258755,131.862480,4895.151703,74.433998,29.195000,89.394997
898.000000,37.258762,131.862514,4896.466001,74.448997,29.237000,89.601997
899.000000,37.258771,131.862548,4897.782127,74.463997,29.278999,89.807999
900.000000,37.258778,131.862581,4899.099778,74.477997,29.320999,90.014999
901.000000,37.258786,131.862615,4900.418952,74.490997,29.364000,90.221001
902.000000,37.258793,131.862649,4901.739650,74.503998,29.406000,90.427002
903.000000,37.258800,131.862683,4903.062178,74.515999,29.450001,90.634003
904.000000,37.258807,131.862717,4904.385924,74.527000,29.493000,90.839996
905.000000,37.258815,131.862751,4905.711499,74.537003,29.537001,91.045998
906.000000,37.258822,131.862784,4907.038294,74.545998,29.580999,91.251999
907.000000,37.258829,131.862818,4908.366917,74.553001,29.625000,91.458000
908.000000,37.258836,131.862852,4909.697064,74.559998,29.669001,91.664001
909.000000,37.258842,131.862886,4911.028735,74.565002,29.712999,91.870003
910.000000,37.258849,131.862920,4912.362235,74.568001,29.757000,92.075996
911.000000,37.258856,131.862954,4913.696954,74.570000,29.802000,92.281998
912.000000,37.258863,131.862988,4915.033198,74.570000,29.846001,92.487999
913.000000,37.258869,131.863022,4916.371270,74.569000,29.889999,92.694000
914.000000,37.258875,131.863057,4917.710866,74.567001,29.934000,92.900002
915.000000,37.258881,131.863091,4919.051681,74.563004,29.978001,93.106003
916.000000,37.258887,131.863125,4920.394325,74.556999,30.023001,93.311996
917.000000,37.258893,131.863159,4921.738493,74.550003,30.066999,93.517998
918.000000,37.258900,131.863192,4923.084185,74.542000,30.111000,93.723999
919.000000,37.258905,131.863226,4924.431401,74.531998,30.155001,93.930000
920.000000,37.258911,131.863260,4925.780446,74.519997,30.198999,94.136002
921.000000,37.258916,131.863294,4927.130710,74.507004,30.243000,94.342003
922.000000,37.258922,131.863328,4928.482802,74.492996,30.287001,94.547997
923.000000,37.258927,131.863363,4929.836114,74.476997,30.330999,94.753998
924.000000,37.258932,131.863397,4931.191255,74.459999,30.375000,94.959999
925.000000,37.258937,131.863431,4932.547920,74.442001,30.419001,95.166000
926.000000,37.258943,131.863465,4933.906109,74.421997,30.464001,95.371002
927.000000,37.258948,131.863499,4935.266126,74.401001,30.507999,95.577003
928.000000,37.258953,131.863533,4936.627363,74.377998,30.552000,95.782997
929.000000,37.258958,131.863566,4937.990429,74.355003,30.597000,95.988998
930.000000,37.258962,131.863601,4939.354714,74.329002,30.641001,96.195000
931.000000,37.258967,131.863635,4940.720827,74.303001,30.686001,96.400002
932.000000,37.258971,131.863669,4942.088770,74.276001,30.731001,96.606003
933.000000,37.258975,131.863703,4943.457931,74.246002,30.775999,96.810997
934.000000,37.258980,131.863737,4944.828922,74.216003,30.820999,97.016998
935.000000,37.258985,131.863771,4946.201436,74.183998,30.865999,97.222000
936.000000,37.258989,131.863805,4947.575474,74.151001,30.910999,97.428001
937.000000,37.258993,131.863840,4948.951037,74.115997,30.957001,97.633003
938.000000,37.258997,131.863874,4950.328428,74.081001,31.002001,97.838997
939.000000,37.259000,131.863908,4951.707343,74.042999,31.048000,98.043999
940.000000,37.259004,131.863941,4953.088087,74.003998,31.094000,98.249001
941.000000,37.259008,131.863975,4954.470355,73.962997,31.141001,98.454002
942.000000,37.259011,131.864009,4955.854147,73.921997,31.187000,98.658997
943.000000,37.259014,131.864043,4957.239768,73.878998,31.233999,98.863998
944.000000,37.259018,131.864078,4958.626913,73.834000,31.281000,99.069000
945.000000,37.259021,131.864112,4960.015886,73.787003,31.327999,99.274002
946.000000,37.259024,131.864146,4961.406384,73.737999,31.375000,99.478996
947.000000,37.259028,131.864180,4962.798710,73.688004,31.423000,99.683998
948.000000,37.259031,131.864214,4964.192561,73.636002,31.471001,99.888000
949.000000,37.259034,131.864248,4965.588240,73.584000,31.520000,100.093002
950.000000,37.259036,131.864282,4966.985748,73.528000,31.568001,100.297997
951.000000,37.259039,131.864316,4968.384780,73.470001,31.617001,100.501999
952.000000,37.259041,131.864349,4969.785641,73.410004,31.667000,100.707001
953.000000,37.259044,131.864383,4971.188330,73.348000,31.716999,100.911003
954.000000,37.259046,131.864417,4972.592849,73.285004,31.767000,101.115997
955.000000,37.259048,131.864451,4973.998891,73.219002,31.816999,101.320000
956.000000,37.259050,131.864485,4975.406762,73.151001,31.868000,101.524002
957.000000,37.259052,131.864519,4976.816767,73.080002,31.919001,101.728996
958.000000,37.259054,131.864553,4978.228296,73.005997,31.971001,101.932999
959.000000,37.259056,131.864587,4979.641654,72.929001,32.022999,102.137001
960.000000,37.259058,131.864621,4981.056840,72.850998,32.076000,102.341003
961.000000,37.259060,131.864655,4982.474160,72.769997,32.129002,102.545998
962.000000,37.259061,131.864689,4983.893309,72.685997,32.182999,102.750000
963.000000,37.259063,131.864722,4985.313982,72.598000,32.237000,102.954002
964.000000,37.259064,131.864756,4986.737093,72.507004,32.292000,103.157997
965.000000,37.259065,131.864790,4988.161728,72.412003,32.347000,103.362000
966.000000,37.259066,131.864823,4989.588497,72.315002,32.403000,103.566002
967.000000,37.259067,131.864857,4991.017094,72.216003,32.459000,103.769997
968.000000,37.259068,131.864891,4992.448130,72.112000,32.515999,103.973999
969.000000,37.259069,131.864925,4993.880690,72.002998,32.574001,104.178001
970.000000,37.259071,131.864959,4995.315689,71.889999,32.632999,104.382004
971.000000,37.259072,131.864992,4996.752516,71.773003,32.692001,104.585999
972.000000,37.259072,131.865026,4998.191477,71.653000,32.751999,104.790001
973.000000,37.259073,131.865059,4999.632266,71.530998,32.812000,104.994003
974.000000,37.259073,131.865092,5001.075799,71.402000,32.874001,105.197998
975.000000,37.259074,131.865126,5002.521161,71.267998,32.936001,105.402000
976.000000,37.259074,131.865160,5003.968656,71.128998,32.999001,105.605003
977.000000,37.259074,131.865193,5005.418590,70.985001,33.063000,105.808998
978.000000,37.259074,131.865227,5006.870657,70.837997,33.127998,106.013000
979.000000,37.259074,131.865260,5008.324858,70.686996,33.193001,106.217003
980.000000,37.259074,131.865294,5009.781802,70.528999,33.259998,106.420998
981.000000,37.259073,131.865327,5011.240879,70.363998,33.327000,106.625000
982.000000,37.259073,131.865361,5012.702395,70.193001,33.396000,106.828003
983.000000,37.259072,131.865393,5014.166350,70.016998,33.466000,107.031998
984.000000,37.259072,131.865426,5015.632742,69.834999,33.536999,107.236000
985.000000,37.259071,131.865460,5017.101269,69.650002,33.608002,107.439003
986.000000,37.259070,131.865493,5018.572843,69.456001,33.681000,107.642998
987.000000,37.259070,131.865526,5020.047161,69.253998,33.755001,107.846001
988.000000,37.259068,131.865560,5021.523612,69.042999,33.830002,108.047997
989.000000,37.259066,131.865593,5023.003111,68.825996,33.907001,108.250000
990.000000,37.259065,131.865626,5024.485049,68.602997,33.984001,108.452003
991.000000,37.259064,131.865659,5025.969730,68.375000,34.063000,108.653000
992.000000,37.259063,131.865691,5027.457458,68.133003,34.140999,108.848000
993.000000,37.259061,131.865724,5028.947930,67.877998,34.219002,109.037003
994.000000,37.259060,131.865757,5030.441146,67.610001,34.297001,109.221001
995.000000,37.259058,131.865790,5031.937409,67.332001,34.374001,109.400002
996.000000,37.259056,131.865823,5033.436415,67.044998,34.452000,109.574997
997.000000,37.259054,131.865856,5034.938470,66.750000,34.529999,109.747002
998.000000,37.259052,131.865889,5036.443877,66.438004,34.606998,109.910004
999.000000,37.259050,131.865922,5037.952027,66.111000,34.683998,110.067001
1000.000000,37.259048,131.865953,5039.463530,65.771004,34.759998,110.216003
1001.000000,37.259046,131.865986,5040.978082,65.417999,34.834999,110.361000
1002.000000,37.259044,131.866019,5042.495986,65.055000,34.910999,110.500999
1003.000000,37.259041,131.866051,5044.016938,64.682999,34.987000,110.637001
1004.000000,37.259039,131.866084,5045.541547,64.295998,35.062000,110.765999
1005.000000,37.259036,131.866116,5047.069205,63.895000,35.136002,110.888000
1006.000000,37.259033,131.866149,5048.600215,63.480999,35.210999,111.004997
1007.000000,37.259031,131.866181,5050.134578,63.057999,35.285000,111.117996
1008.000000,37.259028,131.866212,5051.672599,62.625000,35.359001,111.225998
1009.000000,37.259025,131.866245,5053.213973,62.183998,35.433998,111.332001
1010.000000,37.259021,131.866277,5054.758394,61.734001,35.507999,111.432999
1011.000000,37.259017,131.866309,5056.306778,61.276001,35.582001,111.528999
1012.000000,37.259014,131.866341,5057.858210,60.812000,35.655998,111.621002
1013.000000,37.259011,131.866373,5059.413300,60.341000,35.730999,111.709999
1014.000000,37.259007,131.866405,5060.972047,59.867001,35.806000,111.796997
1015.000000,37.259004,131.866436,5062.534147,59.388000,35.881001,111.880997
1016.000000,37.259000,131.866468,5064.099295,58.909000,35.957001,111.962997
1017.000000,37.258997,131.866500,5065.668101,58.429001,36.033001,112.041000
1018.000000,37.258993,131.866532,5067.240564,57.949001,36.109001,112.116997
1019.000000,37.258989,131.866563,5068.816075,57.470001,36.186001,112.192001
1020.000000,37.258985,131.866595,5070.395549,56.992001,36.264000,112.264999
1021.000000,37.258981,131.866626,5071.978375,56.515999,36.342999,112.336998
1022.000000,37.258976,131.866657,5073.563945,56.047001,36.422001,112.406998
1023.000000,37.258972,131.866689,5075.153172,55.584999,36.500999,112.474998
1024.000000,37.258968,131.866720,5076.745752,55.129002,36.581001,112.542999
1025.000000,37.258964,131.866752,5078.341685,54.681000,36.661999,112.609001
1026.000000,37.258960,131.866783,5079.940970,54.238998,36.743000,112.675003
1027.000000,37.258955,131.866815,5081.543609,53.804001,36.826000,112.739998
1028.000000,37.258951,131.866845,5083.149295,53.383999,36.911999,112.808998
1029.000000,37.258947,131.866876,5084.758334,52.980000,37.001999,112.884003
1030.000000,37.258942,131.866908,5086.370726,52.590000,37.095001,112.961998
1031.000000,37.258938,131.866939,5087.986166,52.214001,37.192001,113.042999
1032.000000,37.258932,131.866970,5089.605264,51.849998,37.291000,113.126999
1033.000000,37.258927,131.867000,5091.227410,51.498001,37.393002,113.213997
1034.000000,37.258922,131.867031,5092.852603,51.160000,37.495998,113.302002
1035.000000,37.258918,131.867062,5094.480845,50.838001,37.599998,113.389999
1036.000000,37.258913,131.867093,5096.112744,50.528999,37.705002,113.478996
1037.000000,37.258908,131.867124,5097.747691,50.233002,37.812000,113.568001
1038.000000,37.258903,131.867155,5099.385991,49.949001,37.918999,113.657997
1039.000000,37.258898,131.867185,5101.027644,49.674999,38.028000,113.748001
1040.000000,37.258893,131.867215,5102.672345,49.412998,38.136002,113.836998
1041.000000,37.258887,131.867246,5104.320703,49.160999,38.243000,113.922997
1042.000000,37.258882,131.867277,5105.972110,48.918999,38.348999,114.007004
1043.000000,37.258876,131.867307,5107.626869,48.686001,38.456001,114.091003
1044.000000,37.258871,131.867338,5109.285286,48.460999,38.561001,114.171997
1045.000000,37.258866,131.867368,5110.946750,48.243999,38.667000,114.252998
1046.000000,37.258860,131.867398,5112.611263,48.048000,38.777000,114.339996
1047.000000,37.258855,131.867429,5114.278519,47.875999,38.896999,114.438004
1048.000000,37.258849,131.867459,5115.949433,47.730000,39.028000,114.552002
1049.000000,37.258844,131.867489,5117.623090,47.608002,39.169998,114.681000
1050.000000,37.258837,131.867519,5119.300404,47.506001,39.320000,114.822998
1051.000000,37.258832,131.867549,5120.981071,47.423000,39.479000,114.973999
1052.000000,37.258826,131.867579,5122.665091,47.355000,39.643002,115.135002
1053.000000,37.258820,131.867609,5124.352769,47.299999,39.813000,115.303001
1054.000000,37.258815,131.867639,5126.043799,47.257999,39.986000,115.476997
1055.000000,37.258809,131.867669,5127.738792,47.224998,40.162998,115.656998
1056.000000,37.258803,131.867699,5129.437138,47.201000,40.342999,115.841003
1057.000000,37.258796,131.867729,5131.139446,47.186001,40.523998,116.028000
1058.000000,37.258790,131.867758,5132.846021,47.161999,40.702999,116.211998
1059.000000,37.258784,131.867788,5134.556863,47.127998,40.877998,116.389999
1060.000000,37.258778,131.867817,5136.271973,47.083000,41.048000,116.561996
1061.000000,37.258772,131.867847,5137.991350,47.028000,41.214001,116.728996
1062.000000,37.258766,131.867876,5139.714994,46.964001,41.376999,116.890999
1063.000000,37.258760,131.867906,5141.442905,46.891998,41.536999,117.050003
1064.000000,37.258752,131.867935,5143.175388,46.779999,41.691002,117.196999
1065.000000,37.258746,131.867964,5144.912748,46.624001,41.833000,117.325996
1066.000000,37.258740,131.867993,5146.654985,46.425999,41.964001,117.438004
1067.000000,37.258733,131.868022,5148.402708,46.187000,42.085999,117.535004
1068.000000,37.258727,131.868052,5150.155918,45.908001,42.199001,117.617996
1069.000000,37.258720,131.868080,5151.914309,45.591999,42.306000,117.690002
1070.000000,37.258714,131.868109,5153.676967,45.299999,42.397999,117.748001
1071.000000,37.258706,131.868138,5155.444198,45.028999,42.472000,117.785004
1072.000000,37.258699,131.868167,5157.215390,44.775002,42.526001,117.797997
1073.000000,37.258692,131.868195,5158.990241,44.537998,42.561001,117.789001
1074.000000,37.258686,131.868223,5160.768749,44.320000,42.580002,117.761002
1075.000000,37.258679,131.868252,5162.550305,44.118000,42.585999,117.718002
1076.000000,37.258672,131.868280,5164.334604,43.932999,42.582001,117.662003
1077.000000,37.258665,131.868309,5166.121342,43.764999,42.567001,117.594002
1078.000000,37.258657,131.868337,5167.910518,43.612000,42.544998,117.516998
1079.000000,37.258650,131.868365,5169.701827,43.473000,42.515999,117.431999
1080.000000,37.258643,131.868394,5171.494661,43.348999,42.480999,117.339996
1081.000000,37.258636,131.868422,5173.289628,43.237000,42.441002,117.242996
1082.000000,37.258629,131.868450,5175.087034,43.088001,42.403000,117.143997
1083.000000,37.258622,131.868478,5176.887182,42.904999,42.370998,117.049004
1084.000000,37.258614,131.868506,5178.690074,42.693001,42.348999,116.963997
1085.000000,37.258607,131.868535,5180.496319,42.450001,42.337002,116.887001
1086.000000,37.258600,131.868562,5182.305917,42.176998,42.332001,116.818001
1087.000000,37.258593,131.868590,5184.118867,41.872002,42.334000,116.755997
1088.000000,37.258585,131.868618,5185.935475,41.558998,42.347000,116.709000
1089.000000,37.258578,131.868646,5187.755436,41.244999,42.375000,116.681000
1090.000000,37.258570,131.868673,5189.578750,40.932999,42.421001,116.674004
1091.000000,37.258562,131.868701,5191.405416,40.619999,42.481998,116.685997
1092.000000,37.258555,131.868729,5193.235435,40.306999,42.556000,116.714996
1093.000000,37.258548,131.868757,5195.068807,39.993000,42.641998,116.757004
1094.000000,37.258540,131.868784,5196.904922,39.698002,42.742001,116.818001
1095.000000,37.258533,131.868812,5198.743781,39.419998,42.854000,116.894997
1096.000000,37.258524,131.868840,5200.585078,39.159000,42.978001,116.986000
1097.000000,37.258517,131.868867,5202.428813,38.912998,43.111000,117.089996
1098.000000,37.258509,131.868894,5204.275291,38.680000,43.252998,117.203003
1099.000000,37.258502,131.868922,5206.124818,38.459999,43.402000,117.324997
1100.000000,37.258494,131.868949,5207.977392,38.244999,43.553001,117.449997
1101.000000,37.258486,131.868976,5209.832710,38.034000,43.706001,117.578003
1102.000000,37.258478,131.869003,5211.691075,37.826000,43.861000,117.706001
1103.000000,37.258470,131.869031,5213.552794,37.622002,44.016998,117.835999
1104.000000,37.258462,131.869058,5215.417255,37.419998,44.173000,117.966003
1105.000000,37.258455,131.869084,5217.285070,37.222000,44.330002,118.097000
1106.000000,37.258447,131.869112,5219.156542,36.992001,44.483002,118.220001
1107.000000,37.258438,131.869139,5221.031671,36.726002,44.627998,118.331001
1108.000000,37.258430,131.869166,5222.911068,36.428001,44.764000,118.430000
1109.000000,37.258422,131.869192,5224.794732,36.098000,44.891998,118.517998
1110.000000,37.258414,131.869219,5226.682968,35.740002,45.014000,118.597000
1111.000000,37.258407,131.869246,5228.575471,35.355999,45.130001,118.667999
1112.000000,37.258399,131.869272,5230.471632,34.999001,45.233002,118.728996
1113.000000,37.258390,131.869299,5232.371146,34.666000,45.318001,118.775002
1114.000000,37.258382,131.869325,5234.273707,34.352001,45.380001,118.800003
1115.000000,37.258374,131.869352,5236.179012,34.056000,45.422001,118.806999
1116.000000,37.258366,131.869378,5238.086755,33.778999,45.445000,118.797997
1117.000000,37.258358,131.869405,5239.996937,33.521000,45.453999,118.774002
1118.000000,37.258349,131.869431,5241.908947,33.280998,45.449001,118.739998
1119.000000,37.258340,131.869457,5243.822482,33.058998,45.433998,118.695000
1120.000000,37.258332,131.869483,5245.737540,32.855000,45.410000,118.641998
1121.000000,37.258324,131.869510,5247.653818,32.667999,45.379002,118.582001
1122.000000,37.258316,131.869535,5249.571924,32.497002,45.341000,118.516998
1123.000000,37.258308,131.869562,5251.491554,32.341000,45.298000,118.446999
1124.000000,37.258299,131.869588,5253.413318,32.146999,45.256001,118.374001
1125.000000,37.258291,131.869615,5255.337521,31.919001,45.222000,118.302002
1126.000000,37.258283,131.869640,5257.264162,31.660000,45.199001,118.237000
1127.000000,37.258274,131.869667,5259.193241,31.368999,45.186001,118.178001
1128.000000,37.258266,131.869693,5261.125673,31.046000,45.181999,118.124001
1129.000000,37.258257,131.869718,5263.061458,30.691000,45.186001,118.074997
1130.000000,37.258249,131.869744,5265.000290,30.332001,45.202000,118.037003
1131.000000,37.258240,131.869771,5266.942171,29.973000,45.236000,118.014999
1132.000000,37.258232,131.869796,5268.887100,29.617001,45.292000,118.010002
1133.000000,37.258224,131.869822,5270.835077,29.264000,45.366001,118.021004
1134.000000,37.258214,131.869848,5272.786102,28.913000,45.456001,118.044998
1135.000000,37.258206,131.869874,5274.740174,28.562000,45.561001,118.082001
1136.000000,37.258198,131.869899,5276.696686,28.235001,45.685001,118.133003
1137.000000,37.258189,131.869924,5278.655635,27.931000,45.824001,118.199997
1138.000000,37.258181,131.869950,5280.616718,27.648001,45.977001,118.278000
1139.000000,37.258172,131.869975,5282.579935,27.382999,46.141998,118.365997
1140.000000,37.258163,131.870001,5284.545590,27.136999,46.317001,118.462997
1141.000000,37.258155,131.870027,5286.513684,26.906000,46.500999,118.566002
1142.000000,37.258146,131.870051,5288.484216,26.688000,46.688000,118.671997
1143.000000,37.258138,131.870077,5290.457491,26.481001,46.876999,118.779999
1144.000000,37.258129,131.870103,5292.433205,26.285000,47.068001,118.889999
1145.000000,37.258120,131.870127,5294.411662,26.098000,47.259998,119.000000
1146.000000,37.258112,131.870153,5296.392862,25.919001,47.452000,119.110001
1147.000000,37.258103,131.870178,5298.376805,25.749001,47.645000,119.220001
1148.000000,37.258095,131.870203,5300.364101,25.569000,47.832001,119.323997
1149.000000,37.258086,131.870228,5302.355054,25.375000,48.008999,119.419998
1150.000000,37.258076,131.870254,5304.349666,25.169001,48.174999,119.505997
1151.000000,37.258068,131.870278,5306.347630,24.951000,48.333000,119.584000
1152.000000,37.258059,131.870303,5308.349251,24.723000,48.481998,119.655998
1153.000000,37.258051,131.870328,5310.354226,24.485001,48.624001,119.721001
1154.000000,37.258042,131.870352,5312.361638,24.263000,48.752998,119.777000
1155.000000,37.258033,131.870378,5314.371794,24.056000,48.862999,119.821999
1156.000000,37.258024,131.870403,5316.383779,23.858999,48.946999,119.850998
1157.000000,37.258016,131.870427,5318.397898,23.671000,49.007000,119.863998
1158.000000,37.258007,131.870452,5320.413540,23.490999,49.044998,119.862000
1159.000000,37.257998,131.870477,5322.431011,23.320999,49.066002,119.848999
1160.000000,37.257989,131.870501,5324.450616,23.160000,49.070000,119.824997
1161.000000,37.257980,131.870526,5326.471745,23.007999,49.062000,119.792999
1162.000000,37.257972,131.870551,5328.495007,22.865000,49.042000,119.752998
1163.000000,37.257963,131.870574,5330.520098,22.731001,49.013000,119.707001
1164.000000,37.257954,131.870599,5332.547018,22.606001,48.976002,119.655998
1165.000000,37.257945,131.870624,5334.575767,22.489000,48.931999,119.600998
1166.000000,37.257936,131.870648,5336.607564,22.364000,48.887001,119.543999
1167.000000,37.257927,131.870673,5338.641799,22.233999,48.848000,119.489998
1168.000000,37.257919,131.870697,5340.678778,22.100000,48.820000,119.441002
1169.000000,37.257910,131.870721,5342.719109,21.966000,48.808998,119.402000
1170.000000,37.257900,131.870746,5344.761878,21.832001,48.813000,119.371002
1171.000000,37.257892,131.870770,5346.807391,21.695999,48.830002,119.348999
1172.000000,37.257883,131.870794,5348.855038,21.577000,48.865002,119.337997
1173.000000,37.257874,131.870818,5350.905122,21.476999,48.924000,119.343002
1174.000000,37.257866,131.870842,5352.956731,21.393999,49.006001,119.362000
1175.000000,37.257856,131.870866,5355.010778,21.327000,49.105999,119.392998
1176.000000,37.257847,131.870891,5357.066959,21.274000,49.222000,119.434998
1177.000000,37.257839,131.870914,5359.125578,21.235001,49.353001,119.486000
1178.000000,37.257830,131.870938,5361.186026,21.209999,49.501999,119.550003
1179.000000,37.257821,131.870963,5363.248913,21.200001,49.666000,119.624001
1180.000000,37.257811,131.870986,5365.314238,21.202999,49.842999,119.708000
1181.000000,37.257803,131.871010,5367.382001,21.216999,50.032001,119.800003
1182.000000,37.257794,131.871034,5369.452202,21.243000,50.230000,119.899002
1183.000000,37.257785,131.871057,5371.524842,21.277000,50.436001,120.003998
1184.000000,37.257777,131.871082,5373.600226,21.320000,50.646000,120.113998
1185.000000,37.257767,131.871106,5375.678047,21.368999,50.859001,120.228996
1186.000000,37.257758,131.871129,5377.758612,21.424999,51.074001,120.347000
1187.000000,37.257749,131.871153,5379.841920,21.486000,51.291000,120.467003
1188.000000,37.257741,131.871176,5381.927971,21.552999,51.508999,120.591003
1189.000000,37.257732,131.871199,5384.016766,21.624001,51.726002,120.716003
1190.000000,37.257722,131.871223,5386.108303,21.697001,51.939999,120.839996
1191.000000,37.257713,131.871246,5388.202889,21.773001,52.150002,120.962997
1192.000000,37.257704,131.871270,5390.300522,21.849001,52.355999,121.084999
1193.000000,37.257696,131.871294,5392.400899,21.927000,52.556999,121.205002
1194.000000,37.257687,131.871316,5394.504019,22.006001,52.755001,121.323997
1195.000000,37.257677,131.871340,5396.610492,22.086000,52.950001,121.441002
1196.000000,37.257668,131.871362,5398.720013,22.166000,53.139000,121.556999
1197.000000,37.257660,131.871386,5400.832277,22.245001,53.325001,121.668999
1198.000000,37.257651,131.871409,5402.947894,22.323000,53.507000,121.778999
1199.000000,37.257642,131.871432,5405.066558,22.400000,53.686001,121.888000
1200.000000,37.257632,131.871455,5407.188576,22.476000,53.861000,121.995003
1201.000000,37.257623,131.871478,5409.313337,22.552000,54.033001,122.099998
1202.000000,37.257615,131.871501,5411.441755,22.628000,54.208000,122.208000
