iteration,sampled_steps,stage,episode,steps,total_reward,terminated,truncated,outcome,end_condition,ownship_health,target_health,ep_min_distance,replay_dir,ownship_log,target_log,summary_json
0,0,35,0,228,548.4755598269555,True,False,draw,ownship destroyed,-0.03713642228273626,-0.019648035479090095,232.08515656202215,C:\topgunfinal\Update\강화학습환경\artifacts\replays\AeroFlyer_final_sp2\engagement_replays\stage_35_iter_000000\episode_00,C:\topgunfinal\Update\강화학습환경\artifacts\replays\AeroFlyer_final_sp2\engagement_replays\stage_35_iter_000000\episode_00\2026_8_29_2_6_20_ownship_(F-16)[Blue].csv,C:\topgunfinal\Update\강화학습환경\artifacts\replays\AeroFlyer_final_sp2\engagement_replays\stage_35_iter_000000\episode_00\2026_8_29_2_6_20_target_(F-16)[Red].csv,C:\topgunfinal\Update\강화학습환경\artifacts\replays\AeroFlyer_final_sp2\engagement_replays\stage_35_iter_000000\episode_00\2026_8_29_2_6_20_summary.json
0,0,35,1,274,1441.2091730554266,True,False,win,target destroyed,1.0,-0.03598267780307257,263.5841976418388,C:\topgunfinal\Update\강화학습환경\artifacts\replays\AeroFlyer_final_sp2\engagement_replays\stage_35_iter_000000\episode_01,C:\topgunfinal\Update\강화학습환경\artifacts\replays\AeroFlyer_final_sp2\engagement_replays\stage_35_iter_000000\episode_01\2026_8_29_2_6_21_ownship_(F-16)[Blue].csv,C:\topgunfinal\Update\강화학습환경\artifacts\replays\AeroFlyer_final_sp2\engagement_replays\stage_35_iter_000000\episode_01\2026_8_29_2_6_21_target_(F-16)[Red].csv,C:\topgunfinal\Update\강화학습환경\artifacts\replays\AeroFlyer_final_sp2\engagement_replays\stage_35_iter_000000\episode_01\2026_8_29_2_6_21_summary.json
0,0,35,2,2000,600.7373727112829,False,True,judge_win,max time out,1.0,0.30300975407021313,80.54481636118163,C:\topgunfinal\Update\강화학습환경\artifacts\replays\AeroFlyer_final_sp2\engagement_replays\stage_35_iter_000000\episode_02,C:\topgunfinal\Update\강화학습환경\artifacts\replays\AeroFlyer_final_sp2\engagement_replays\stage_35_iter_000000\episode_02\2026_8_29_2_6_29_ownship_(F-16)[Blue].csv,C:\topgunfinal\Update\강화학습환경\artifacts\replays\AeroFlyer_final_sp2\engagement_replays\stage_35_iter_000000\episode_02\2026_8_29_2_6_29_target_(F-16)[Red].csv,C:\topgunfinal\Update\강화학습환경\artifacts\replays\AeroFlyer_final_sp2\engagement_replays\stage_35_iter_000000\episode_02\2026_8_29_2_6_29_summary.json
25,25,35,0,199,666.1294184068273,True,False,draw,ownship destroyed,-0.05528509891152814,-0.05528509891152814,205.21244037525472,C:\topgunfinal\Update\강화학습환경\artifacts\replays\AeroFlyer_final_sp2\engagement_replays\stage_35_iter_000025\episode_00,C:\topgunfinal\Update\강화학습환경\artifacts\replays\AeroFlyer_final_sp2\engagement_replays\stage_35_iter_000025\episode_00\2026_8_29_2_10_54_ownship_(F-16)[Blue].csv,C:\topgunfinal\Update\강화학습환경\artifacts\replays\AeroFlyer_final_sp2\engagement_replays\stage_35_iter_000025\episode_00\2026_8_29_2_10_54_target_(F-16)[Red].csv,C:\topgunfinal\Update\강화학습환경\artifacts\replays\AeroFlyer_final_sp2\engagement_replays\stage_35_iter_000025\episode_00\2026_8_29_2_10_54_summary.json
25,25,35,1,1647,111.29874242996341,True,False,loss,ownship destroyed,-0.0009034442173185362,1.0,181.37583703316375,C:\topgunfinal\Update\강화학습환경\artifacts\replays\AeroFlyer_final_sp2\engagement_replays\stage_35_iter_000025\episode_01,C:\topgunfinal\Update\강화학습환경\artifacts\replays\AeroFlyer_final_sp2\engagement_replays\stage_35_iter_000025\episode_01\2026_8_29_2_11_1_ownship_(F-16)[Blue].csv,C:\topgunfinal\Update\강화학습환경\artifacts\replays\AeroFlyer_final_sp2\engagement_replays\stage_35_iter_000025\episode_01\2026_8_29_2_11_1_target_(F-16)[Red].csv,C:\topgunfinal\Update\강화학습환경\artifacts\replays\AeroFlyer_final_sp2\engagement_replays\stage_35_iter_000025\episode_01\2026_8_29_2_11_1_summary.json
25,25,35,2,269,1246.0332198619358,True,False,win,target destroyed,1.0,-0.0071004756799881025,267.4312274685961,C:\topgunfinal\Update\강화학습환경\artifacts\replays\AeroFlyer_final_sp2\engagement_replays\stage_35_iter_000025\episode_02,C:\topgunfinal\Update\강화학습환경\artifacts\replays\AeroFlyer_final_sp2\engagement_replays\stage_35_iter_000025\episode_02\2026_8_29_2_11_2_ownship_(F-16)[Blue].csv,C:\topgunfinal\Update\강화학습환경\artifacts\replays\AeroFlyer_final_sp2\engagement_replays\stage_35_iter_000025\episode_02\2026_8_29_2_11_2_target_(F-16)[Red].csv,C:\topgunfinal\Update\강화학습환경\artifacts\replays\AeroFlyer_final_sp2\engagement_replays\stage_35_iter_000025\episode_02\2026_8_29_2_11_2_summary.json
50,50,35,0,164,1192.2736244893272,True,False,win,target destroyed,0.15816190569135397,-0.015678606387418324,174.96694715024762,C:\topgunfinal\Update\강화학습환경\artifacts\replays\AeroFlyer_final_sp2\engagement_replays\stage_35_iter_000050\episode_00,C:\topgunfinal\Update\강화학습환경\artifacts\replays\AeroFlyer_final_sp2\engagement_replays\stage_35_iter_000050\episode_00\2026_8_29_2_15_31_ownship_(F-16)[Blue].csv,C:\topgunfinal\Update\강화학습환경\artifacts\replays\AeroFlyer_final_sp2\engagement_replays\stage_35_iter_000050\episode_00\2026_8_29_2_15_31_target_(F-16)[Red].csv,C:\topgunfinal\Update\강화학습환경\artifacts\replays\AeroFlyer_final_sp2\engagement_replays\stage_35_iter_000050\episode_00\2026_8_29_2_15_31_summary.json
50,50,35,1,215,1382.9303896755355,True,False,win,target destroyed,0.043022246799616186,-0.018272581645076738,231.21049798367864,C:\topgunfinal\Update\강화학습환경\artifacts\replays\AeroFlyer_final_sp2\engagement_replays\stage_35_iter_000050\episode_01,C:\topgunfinal\Update\강화학습환경\artifacts\replays\AeroFlyer_final_sp2\engagement_replays\stage_35_iter_000050\episode_01\2026_8_29_2_15_32_ownship_(F-16)[Blue].csv,C:\topgunfinal\Update\강화학습환경\artifacts\replays\AeroFlyer_final_sp2\engagement_replays\stage_35_iter_000050\episode_01\2026_8_29_2_15_32_target_(F-16)[Red].csv,C:\topgunfinal\Update\강화학습환경\artifacts\replays\AeroFlyer_final_sp2\engagement_replays\stage_35_iter_000050\episode_01\2026_8_29_2_15_32_summary.json
50,50,35,2,2000,567.1042135523101,False,True,judge_win,max time out,1.0,0.4688830109459977,131.56377993063424,C:\topgunfinal\Update\강화학습환경\artifacts\replays\AeroFlyer_final_sp2\engagement_replays\stage_35_iter_000050\episode_02,C:\topgunfinal\Update\강화학습환경\artifacts\replays\AeroFlyer_final_sp2\engagement_replays\stage_35_iter_000050\episode_02\2026_8_29_2_15_40_ownship_(F-16)[Blue].csv,C:\topgunfinal\Update\강화학습환경\artifacts\replays\AeroFlyer_final_sp2\engagement_replays\stage_35_iter_000050\episode_02\2026_8_29_2_15_40_target_(F-16)[Red].csv,C:\topgunfinal\Update\강화학습환경\artifacts\replays\AeroFlyer_final_sp2\engagement_replays\stage_35_iter_000050\episode_02\2026_8_29_2_15_40_summary.json
