iteration,sampled_steps,stage,probe,probe_step,obs_first4,action_roll,action_pitch,action_rudder,action_throttle,action_norm,action_delta_norm,state_in_norm,state_out_norm
0,0,35,zero_hold,0,"[0.0, 0.0, 0.0, 0.0]",-0.2945922315120697,-0.17370764911174774,-0.08002803474664688,0.5793468952178955,0.6774999499320984,0.0,0.0,5.49032965022002
0,0,35,zero_hold,1,"[0.0, 0.0, 0.0, 0.0]",-0.3263823986053467,-0.20699095726013184,-0.10557283461093903,0.9937352538108826,1.0714597702026367,0.41771838068962097,5.49032965022002,8.472054815006704
0,0,35,zero_hold,2,"[0.0, 0.0, 0.0, 0.0]",-0.0665193647146225,-0.4333549737930298,-0.1451069712638855,1.1173269748687744,1.2090065479278564,0.36824899911880493,8.472054815006704,10.651452108073979
0,0,35,zero_hold,3,"[0.0, 0.0, 0.0, 0.0]",-0.09937078505754471,-0.2830207645893097,-0.14889757335186005,1.1621984243392944,1.2094837427139282,0.16033530235290527,10.651452108073979,12.61516576025406
0,0,35,target_ahead,0,"[0.0, 0.0, 0.0, 0.0]",1.0867818593978882,-0.5162719488143921,-0.5953736901283264,-0.13332273066043854,1.3490278720855713,0.0,0.0,7.968023523598159
0,0,35,target_ahead,1,"[0.009999999776482582, 0.0, 0.0, 0.0]",1.0092406272888184,-0.5231689810752869,-0.8360739946365356,-0.20566947758197784,1.4260406494140625,0.26311764121055603,7.968023523598159,11.43866378062423
0,0,35,target_ahead,2,"[0.019999999552965164, 0.0, 0.0, 0.0]",0.9368248581886292,-0.5058239698410034,-0.9179226160049438,-0.2955009341239929,1.4364545345306396,0.14252641797065735,11.43866378062423,15.07026189225045
0,0,35,target_ahead,3,"[0.029999999329447746, 0.0, 0.0, 0.0]",0.8845880031585693,-0.49925756454467773,-0.9541389346122742,-0.3332951068878174,1.4329063892364502,0.07424168288707733,15.07026189225045,18.834604535746106
0,0,35,target_left,0,"[0.0, 0.0, 0.0, 0.0]",-0.40799999237060547,-1.6163691282272339,0.7650337815284729,-0.2925626039505005,1.8574129343032837,0.0,0.0,8.69385661366729
0,0,35,target_left,1,"[0.009999999776482582, 0.0, 0.0, 0.0]",-0.8707162141799927,-1.6224581003189087,1.0846370458602905,-0.08746619522571564,2.1388325691223145,0.5986269116401672,8.69385661366729,13.018887489933576
0,0,35,target_left,2,"[0.019999999552965164, 0.0, 0.0, 0.0]",-0.7493147850036621,-1.6871401071548462,1.082187533378601,-0.004717573523521423,2.1398754119873047,0.1605471968650818,13.018887489933576,17.097371312295536
0,0,35,target_left,3,"[0.029999999329447746, 0.0, 0.0, 0.0]",-0.7554888725280762,-1.7151192426681519,1.066367506980896,0.02500896155834198,2.156423568725586,0.0442141555249691,17.097371312295536,21.14447086817826
0,0,35,ramp,0,"[-0.5, -0.4333333373069763, -0.36666667461395264, -0.30000001192092896]",-0.39642053842544556,-1.1988651752471924,-0.027561495080590248,0.15723077952861786,1.2727560997009277,0.0,0.0,9.729277702653114
0,0,35,ramp,1,"[-0.47999998927116394, -0.41333332657814026, -0.3466666638851166, -0.2800000011920929]",-0.5568979978561401,-0.9937415719032288,0.27311357855796814,0.21241185069084167,1.1905324459075928,0.4015957713127136,9.729277702653114,13.674386851325535
0,0,35,ramp,2,"[-0.46000000834465027, -0.3933333456516266, -0.3266666829586029, -0.2600000202655792]",-0.6970282793045044,-1.025529146194458,0.3268756568431854,0.2004912942647934,1.2979224920272827,0.15388114750385284,13.674386851325535,18.010265274830473
0,0,35,ramp,3,"[-0.4399999976158142, -0.3733333349227905, -0.30666667222976685, -0.24000000953674316]",-0.8193978071212769,-0.9852311611175537,0.29975444078445435,0.21733234822750092,1.3338587284088135,0.13273058831691742,18.010265274830473,22.4535831861336
