stage,iter_in_stage,total_iter,reward_mean,ep_len_mean,episodes_this_iter,win_rate,loss_rate,timeout_rate,crash_rate,judge_win_rate,judge_loss_rate,ep_wez_steps,ep_mean_distance,ep_min_distance,ep_reward_survival,ep_reward_pursuit,ep_reward_damage,ep_reward_aim,ep_reward_aim_wide,ep_reward_range,ep_reward_deck,ep_reward_ceil,ep_reward_alt,ep_reward_underrun,ep_reward_terminal,ep_reward_step,ep_reward_track,ep_reward_gunsnap_blue,ep_reward_gunsnap_red,ep_altitude_penalty_steps,action_sat_rate,action_roll_mean,action_pitch_mean,action_rudder_mean,action_throttle_mean,action_roll_std,action_pitch_std,action_rudder_std,action_throttle_std,initial_alpha_deg,initial_ata_deg,initial_aa_deg,initial_distance_m,final_ata_deg,final_aa_deg,headon_guard_fail,eval_win_rate,eval_crash_rate,eval_loss_rate,eval_wez_steps,eval_episodes,anchor_kl,anchor_coef,policy_loss,vf_loss,entropy,kl,clip_frac,explained_var,actor_loss,critic_loss,alpha_loss,alpha,target_entropy,replay_buffer_size,replay_buffer_memory_mb,env_steps_per_sec,learner_steps_per_sec,iteration_time_s,ep_reward_overspeed,ep_reward_perch,ep_reward_far,ep_reward_wez,ep_reward_snap,ep_reward_close,ep_reward_nmd,ep_reward_cpa,ep_reward_high,ep_reward_turnalt
35,0,0,755.7476056702546,263.22916666666663,64499,0.2864583333333333,0.7135416666666666,0.0,0.0,n/a,n/a,23.145833333333336,1923.325717134464,213.09013763951924,n/a,n/a,582.8551249762894,11.573031782071851,13.54490491669503,6.328665563902758,0.0,-0.0008475592564443653,,,83.22922660173201,,,,,0.0,0.45719098559877785,-0.02471362558420272,-1.0314993225038052,-0.6016764845699072,1.191130856052041,0.35513149031127494,0.43633395091940963,0.6787977802256744,0.2989234148214261,n/a,n/a,n/a,n/a,0.45567232728106205,179.33541270074875,0.0,,,,,,n/a,n/a,0.13036532700061798,164.2952880859375,-3.4993276596069336,0.008386710658669472,n/a,0.45309048891067505,0.13036532700061798,n/a,n/a,n/a,n/a,n/a,n/a,n/a,n/a,13.139610767364502,,,-16.68450792332996,nan,nan,5.615657050748047,62.210116815580854,7.076233445821018,,nan
35,1,1,772.7967788334686,264.6645833333333,62,0.325,0.675,0.0,0.0,n/a,n/a,22.98020833333333,1930.2040277690803,211.78946704202372,n/a,n/a,579.0273529293686,11.680965676083353,13.640885956419664,6.320957396908767,0.0,-0.0008347508807286776,,,103.82842280162622,,,,,0.0,0.45324600508872614,-0.029477586056600558,-1.0308869756758212,-0.591259983399262,1.1818404032538337,0.36861592940986154,0.4443814372022946,0.6710281555851301,0.2984987573077281,n/a,n/a,n/a,n/a,0.4000473321149344,179.06092842278554,0.0,,,,,,n/a,n/a,0.1233087107539177,197.93167114257812,-3.494441270828247,0.01139851100742817,n/a,0.5089913606643677,0.1233087107539177,n/a,n/a,n/a,n/a,n/a,n/a,n/a,n/a,11.943848133087158,,,-16.80923350722189,nan,nan,5.635787155030671,62.28759359819492,7.184881577938977,,nan
35,2,2,714.1764571351057,255.37395833333335,66,0.23645833333333333,0.7635416666666667,0.0,0.0,n/a,n/a,22.772916666666667,1932.2952509856032,221.65729975516845,n/a,n/a,574.78517449947,11.335987235064932,13.21803484596537,6.050143695507092,0.0,-0.0008219392672935628,,,52.59409593338851,,,,,0.0,0.4576094448659428,-0.01319421977756671,-1.0268222994481524,-0.6018332563961546,1.201961720859011,0.3512607843925556,0.4415877259025971,0.6747008624797066,0.2911101059988141,n/a,n/a,n/a,n/a,0.4696657116063265,179.7307018248311,0.0,,,,,,n/a,n/a,0.013055488467216492,167.78564453125,-3.4954135417938232,0.005085701122879982,n/a,0.5379583835601807,0.013055488467216492,n/a,n/a,n/a,n/a,n/a,n/a,n/a,n/a,11.691325902938843,,,-16.306299641907493,nan,nan,5.935387809262819,59.599856948726995,6.964897748894473,,nan
35,3,3,749.0824221853004,260.90625,62,0.29166666666666663,0.7083333333333333,0.0,0.0,n/a,n/a,23.151041666666668,1921.6502313459605,211.63099315737958,n/a,n/a,582.0672110118976,11.541180647727105,13.453347978833273,6.279050600393102,0.0,-0.0008303375945239908,,,77.92214935527753,,,,,0.0,0.44988265911676695,-0.02013253617224109,-1.0361428934459886,-0.5757489974300067,1.1927344237143795,0.3495926976514359,0.4461980114380519,0.6741777773325642,0.29843478215237457,n/a,n/a,n/a,n/a,0.3993956260217906,179.49560993337286,0.0,,,,,,n/a,n/a,-0.09160187095403671,202.65713500976562,-3.491525650024414,0.006631625350564718,n/a,0.35126179456710815,-0.09160187095403671,n/a,n/a,n/a,n/a,n/a,n/a,n/a,n/a,11.724628448486328,,,-16.534490251775875,nan,nan,5.526234217378297,61.751301212687494,7.077267750476285,,nan
35,4,4,786.2988623863746,259.115625,62,0.315625,0.684375,0.0,0.0,n/a,n/a,23.53333333333333,1935.1907840206602,219.39628825071,n/a,n/a,596.9449871297891,11.583337474639162,13.410882353890358,6.117604904166688,0.0,-0.0008139475584662888,,,99.9726956911258,,,,,0.0,0.45361418097818257,-0.01882478457337129,-1.0327944782872995,-0.5845728752513726,1.2039674940208593,0.3599628820394476,0.44699492218593756,0.6693179083367189,0.29666720631842813,n/a,n/a,n/a,n/a,0.36540273678712826,179.44010772085994,0.0,,,,,,n/a,n/a,-0.16095872223377228,282.5122375488281,-3.5196313858032227,0.004380061756819487,n/a,0.5259319543838501,-0.16095872223377228,n/a,n/a,n/a,n/a,n/a,n/a,n/a,n/a,12.341918230056763,,,-16.542538263467186,nan,nan,5.776906968537244,62.07292552230809,6.962874552943955,,nan
35,5,5,758.1900875688798,270.41145833333337,62,0.2864583333333333,0.7135416666666666,0.0,0.0,n/a,n/a,23.203125,1928.1752120503493,214.10388792790485,n/a,n/a,589.4053157431197,11.887532522156688,13.939101461478325,6.71041408305925,-0.40367969042158847,-0.0008414690974156784,,,77.46938286226569,,,,,0.0,0.45358212898766215,-0.02467128541366037,-1.0401820320015154,-0.5863789644402763,1.188318636578818,0.3594862682123979,0.4393747487726311,0.6767872534692287,0.29805151528368395,n/a,n/a,n/a,n/a,1.9366243620671315,179.08680890098918,0.0,,,,,,n/a,n/a,0.17439359426498413,199.713134765625,-3.514957904815674,0.006758608855307102,n/a,0.5371406674385071,0.17439359426498413,n/a,n/a,n/a,n/a,n/a,n/a,n/a,n/a,12.479966163635254,,,-17.01844141509726,nan,nan,5.8384577012400545,63.11751940525323,7.245326364923245,,nan
35,6,6,846.1540075261626,262.5,63,0.38541666666666663,0.6145833333333333,0.0,0.0,n/a,n/a,23.833333333333332,1938.4610251287686,215.57621515675604,n/a,n/a,607.748716746773,11.627453826708091,13.528728606702128,6.221300035801897,0.0,-0.0008432812117956992,,,148.89267969409698,,,,,0.0,0.45780255362449473,-0.024948520261204976,-1.0320515309770901,-0.5950016612187028,1.1931234967584412,0.3561755165768166,0.4408023346525927,0.6786836575095853,0.29195852872605127,n/a,n/a,n/a,n/a,0.29827574112753064,179.3005261571829,0.0,,,,,,n/a,n/a,-0.30250704288482666,271.9416198730469,-3.5416152477264404,0.015024169348180294,n/a,0.5126184821128845,-0.30250704288482666,n/a,n/a,n/a,n/a,n/a,n/a,n/a,n/a,11.861132383346558,,,-16.743232437204995,nan,nan,5.782584897171336,62.03098879185484,7.065630645471116,,nan
35,7,7,773.0504037999856,260.09895833333337,62,0.2708333333333333,0.7291666666666666,0.0,0.0,n/a,n/a,23.671875,1942.0099220796146,216.11417687510624,n/a,n/a,600.4051927190123,11.568163873134804,13.434715465929616,6.142527781921093,0.0,-0.0008170057900927785,,,83.88803632520786,,,,,0.0,0.45353306952771266,-0.02028698883140123,-1.0298565616831183,-0.5788143727307519,1.2077670246362686,0.3541541017281512,0.44388237098852795,0.6680315950264534,0.29608557280153036,n/a,n/a,n/a,n/a,0.3385903566190881,179.44365762887037,0.0,,,,,,n/a,n/a,-0.22260230779647827,385.6532287597656,-3.525163173675537,0.01693374663591385,n/a,0.5332672595977783,-0.22260230779647827,n/a,n/a,n/a,n/a,n/a,n/a,n/a,n/a,11.559488296508789,,,-16.644894714251866,nan,nan,5.842929218395171,61.3474245961083,7.067125540318319,,nan
35,8,8,770.9603954201905,262.875,60,0.2708333333333333,0.7291666666666666,0.0,0.0,n/a,n/a,23.526041666666668,1936.5690180649071,214.71720764845531,n/a,n/a,601.2693201791577,11.684695112262915,13.592856103950723,6.275468393837809,0.0,-0.0008045507946996282,,,80.80801050955884,,,,,0.0,0.4577489107630893,-0.027050778839111445,-1.0393565436825156,-0.5858338479883969,1.2052944075937073,0.34564681941022474,0.43750758686413366,0.6683715814724565,0.29933401600768167,n/a,n/a,n/a,n/a,0.28949036624536073,179.0646701888474,0.0,,,,,,n/a,n/a,-0.004089764319360256,309.1825256347656,-3.524608850479126,0.010087475180625916,n/a,0.43301165103912354,-0.004089764319360256,n/a,n/a,n/a,n/a,n/a,n/a,n/a,n/a,12.45186185836792,,,-16.749113924979504,nan,nan,5.788285443783862,61.24606673082499,7.04561142258783,,nan
35,9,9,823.3746169990048,271.8854166666667,61,0.3802083333333333,0.6197916666666666,0.0,0.0,n/a,n/a,23.729166666666668,1922.0066053207493,217.88527412396246,n/a,n/a,595.3054181932364,11.980146627610104,14.024866492475299,6.766618484037696,0.0,-0.000802810536075446,,,138.0323289728101,,,,,0.0,0.45690863272850635,-0.024225020629103255,-1.0410418255875509,-0.5845244561011592,1.1991116032004356,0.35073114388311905,0.43055437753597897,0.6797179688389102,0.3045169107305507,n/a,n/a,n/a,n/a,0.41713205134525966,178.90208762480788,0.0,,,,,,n/a,n/a,-0.12364263832569122,301.0633850097656,-3.521451473236084,0.02300509624183178,n/a,0.45395076274871826,-0.12364263832569122,n/a,n/a,n/a,n/a,n/a,n/a,n/a,n/a,12.564830541610718,,,-17.085527137996614,nan,nan,5.6446303457452345,61.583806581998374,7.1231312496244295,,nan
35,10,10,802.7647812530043,272.53125,60,0.33854166666666663,0.6614583333333333,0.0,0.0,n/a,n/a,23.760416666666668,1943.402344685938,217.19915098321405,n/a,n/a,600.2699504272815,11.937656693762639,14.000928161075187,6.588758700848176,-8.014191104170157e-07,-0.000809960691173941,,,112.59651727488999,,,,,0.0,0.45599510951477695,-0.02146180768007374,-1.02459401730448,-0.5928441720704237,1.203258645410339,0.34363194524000085,0.4316824277242025,0.6741279546792308,0.2915338176923494,n/a,n/a,n/a,n/a,0.2750520529871371,179.06176458246853,0.0,,,,,,n/a,n/a,0.05352039262652397,361.7204284667969,-3.5431861877441406,0.01185223925858736,n/a,0.5170823931694031,0.05352039262652397,n/a,n/a,n/a,n/a,n/a,n/a,n/a,n/a,11.984741926193237,,,-17.260335845458194,nan,nan,5.721319445005492,61.57210605632038,7.338691101389641,,nan
35,11,11,794.671711025281,277.5833333333333,60,0.3489583333333333,0.6510416666666666,0.0,0.0,n/a,n/a,23.473958333333332,1903.32390970245,196.83619925974273,n/a,n/a,585.1676178512732,12.216317542302733,14.281536220667764,6.845613510736667,0.0,-0.0008328528254951323,,,117.61698781681078,,,,,0.0,0.4436064404915854,-0.041976061389959796,-1.0515169315040112,-0.5505796836999555,1.1829838414366047,0.3580891361149649,0.4439572556875646,0.6691869304825863,0.31707318623860675,n/a,n/a,n/a,n/a,0.3906026413859214,178.47947140034358,0.0,,,,,,n/a,n/a,0.16846667230129242,152.90664672851562,-3.519263744354248,0.008666843175888062,n/a,0.45573073625564575,0.16846667230129242,n/a,n/a,n/a,n/a,n/a,n/a,n/a,n/a,10.74552059173584,,,-17.33150527436702,nan,nan,5.415313336522327,63.08325153887594,7.377411335283879,,nan
35,12,12,782.9490014017362,351.93854166666665,61,0.2833333333333333,0.7166666666666667,0.0,0.0,n/a,n/a,23.507291666666667,1896.4244881111324,200.86796139419914,n/a,n/a,595.5839156929837,13.548008447129824,16.907868135889288,10.62724126598135,0.0,-0.0009068024251506756,,,86.26397084037839,,,,,0.0,0.44076836956497484,-0.0313019623514568,-1.044139996729791,-0.5423420568307241,1.1735358192274967,0.3457886911618213,0.4372805560318132,0.6651769516368707,0.30772562995553016,n/a,n/a,n/a,n/a,3.0190230709510937,179.29294650928534,0.0,,,,,,n/a,n/a,0.08688189834356308,224.59872436523438,-3.5230839252471924,0.02119380421936512,n/a,0.41280597448349,0.08688189834356308,n/a,n/a,n/a,n/a,n/a,n/a,n/a,n/a,12.120212316513062,,,-20.630807622491908,nan,nan,5.459159102273502,66.46526297934568,8.725289362671484,,nan
35,13,13,723.025576624915,260.1458333333333,63,0.234375,0.765625,0.0,0.0,n/a,n/a,23.567708333333332,1948.4666262857943,216.9710188688174,n/a,n/a,590.3785578296904,11.681190052387343,13.506212841484093,6.103085123524555,0.0,-0.000798571882724416,,,45.4525671899799,,,,,0.0,0.4511744993106124,-0.02204925419785771,-1.008703889635702,-0.585449407963703,1.2005943072338898,0.34450988735382754,0.4332768670283258,0.6721649266158541,0.2909065168350935,n/a,n/a,n/a,n/a,0.3051822601512095,179.2763123887203,0.0,,,,,,n/a,n/a,-0.4564943015575409,351.8380432128906,-3.5872597694396973,0.009616921655833721,n/a,0.2856736183166504,-0.4564943015575409,n/a,n/a,n/a,n/a,n/a,n/a,n/a,n/a,11.441689491271973,,,-16.68098344069847,nan,nan,6.075172889690978,59.52287347629225,6.987699234446607,,nan
35,14,14,774.3135637562968,254.83854166666666,63,0.3177083333333333,0.6822916666666666,0.0,0.0,n/a,n/a,23.588541666666668,1949.3909461041537,218.30729377529457,n/a,n/a,593.6294343986929,11.468647272675735,13.235135684882845,5.967036490686695,0.0,-0.000789389646314042,,,94.2569949451574,,,,,0.0,0.4465376133952424,-0.009833355596848985,-1.0035574762150645,-0.5698430427970985,1.2051474414765835,0.3428732384927571,0.44939903418223065,0.6638756329193711,0.28229292823622626,n/a,n/a,n/a,n/a,0.382856046386653,179.75323791164357,0.0,,,,,,n/a,n/a,0.022234687581658363,207.66934204101562,-3.5372705459594727,0.009879822842776775,n/a,0.44787901639938354,0.022234687581658363,n/a,n/a,n/a,n/a,n/a,n/a,n/a,n/a,11.447656631469727,,,-16.385880186484812,nan,nan,5.867998265882175,59.188278665267234,7.086707609182832,,nan
35,15,15,772.6529187250742,276.41111111111115,52,0.31666666666666665,0.6611111111111111,0.0,0.02222222222222222,n/a,n/a,23.67222222222222,1928.722730782148,206.64108527742883,n/a,n/a,591.068871201284,12.137637060198472,14.253491082366203,6.991287429400047,-1.7125593593330675,-0.0008224896223096004,,,92.17404623779946,,,,,0.0,0.44956651157176836,-0.0313527420292505,-1.029504257771704,-0.5841702941391202,1.1822487288051182,0.3466992386513286,0.4311235621571541,0.6706591265069114,0.30294265167580714,n/a,n/a,n/a,n/a,2.7101958651060754,176.40202557610888,0.0,,,,,,n/a,n/a,0.16772963106632233,223.65843200683594,-3.573432207107544,0.009216456674039364,n/a,0.5717957019805908,0.16772963106632233,n/a,n/a,n/a,n/a,n/a,n/a,n/a,n/a,11.176587343215942,,,-17.352164026826408,nan,nan,5.457139566075119,62.41366258256648,7.222329441166268,,nan
35,16,16,863.9753198815158,293.6270833333333,64,0.46354166666666663,0.5364583333333333,0.0,0.0,n/a,n/a,23.86875,1908.140865648767,209.81615553251964,n/a,n/a,598.3247472414544,12.5711813364578,14.984231564274962,8.024336050686966,-0.1316580256532797,-0.0008427501765504426,,,172.4448878481561,,,,,0.0,0.4437679153349197,-0.03112475921445821,-1.0300338710968693,-0.5804183032053212,1.1647530032942692,0.3401625848375261,0.42980435689290364,0.6729039871444304,0.3034078150987625,n/a,n/a,n/a,n/a,5.48030858357144,178.35540408640207,0.0,,,,,,n/a,n/a,-0.11213655024766922,325.3739013671875,-3.6255946159362793,0.01322154700756073,n/a,0.46289151906967163,-0.11213655024766922,n/a,n/a,n/a,n/a,n/a,n/a,n/a,n/a,11.504048585891724,,,-17.97366713453969,nan,nan,5.3653893201749945,62.92016896501413,7.446545465665819,,nan
35,17,17,787.0850251386191,265.39583333333337,61,0.296875,0.703125,0.0,0.0,n/a,n/a,23.578125,1945.517848666056,213.6285183237821,n/a,n/a,600.3284173855811,11.674330106669501,13.653836854168706,6.286300391541616,0.0,-0.0008227975205130691,,,98.29197263257197,,,,,0.0,0.4520137793577822,-0.02648569213124574,-1.0247828367476661,-0.5802867156453431,1.1909959372133017,0.34662808710709214,0.4232391198165715,0.6705053551122546,0.29051517974585295,n/a,n/a,n/a,n/a,0.28271118151733077,179.2568635483757,0.0,,,,,,n/a,n/a,0.0389171838760376,296.1004333496094,-3.65269136428833,0.011993796564638615,n/a,0.3310931324958801,0.0389171838760376,n/a,n/a,n/a,n/a,n/a,n/a,n/a,n/a,11.561108827590942,,,-16.972856031189473,nan,nan,5.844355422647153,60.94233791250228,7.0371532616466395,,nan
35,18,18,806.2018835465467,259.65104166666663,61,0.3333333333333333,0.6666666666666666,0.0,0.0,n/a,n/a,23.8125,1959.6552405463203,216.8558174886417,n/a,n/a,603.3719609249642,11.604357938448118,13.442365932452493,6.032430152788059,0.0,-0.0008108688336512803,,,115.29131409273072,,,,,0.0,0.4513782921507779,-0.018786570236746535,-1.006660900389155,-0.5907115607211987,1.198057509958744,0.3465479565784335,0.4362175158845882,0.66643702549239,0.28298725591351587,n/a,n/a,n/a,n/a,0.35822508981562073,179.41652387506997,0.0,,,,,,n/a,n/a,-0.034470561891794205,275.2752990722656,-3.6787753105163574,0.006816473323851824,n/a,0.2374996542930603,-0.034470561891794205,n/a,n/a,n/a,n/a,n/a,n/a,n/a,n/a,11.67386770248413,,,-16.741742570519293,nan,nan,6.0419036085682905,60.0684498745237,7.091654461423961,,nan
35,19,19,770.0629748126379,334.328125,61,0.2677083333333333,0.7322916666666666,0.0,0.0,n/a,n/a,23.947916666666668,1905.06400128388,204.44854291046624,n/a,n/a,597.7057018164826,13.67074882398989,16.558360720884977,9.633619147586536,0.0,-0.0008357822882012751,,,70.57195782846185,,,,,0.0,0.4455758810439213,-0.027328643116243258,-1.0280896690984567,-0.5803767663426698,1.1727086760103702,0.34491913598030804,0.43139330856502056,0.6643858804057041,0.29844035001782077,n/a,n/a,n/a,n/a,9.192259086608937,179.3538226151608,0.0,,,,,,n/a,n/a,-0.08413983136415482,396.7005615234375,-3.75761079788208,0.012324957177042961,n/a,0.607121467590332,-0.08413983136415482,n/a,n/a,n/a,n/a,n/a,n/a,n/a,n/a,11.360910415649414,,,-19.923435017322603,nan,nan,5.370722616792119,67.79743274651317,8.678701911537608,,nan
35,20,20,839.438487108908,256.359375,64,0.375,0.625,0.0,0.0,n/a,n/a,23.96875,1945.3091999667045,222.71077062163502,n/a,n/a,610.3256325460882,11.397516060455525,13.253237577817696,6.025729362975071,0.0,-0.0008195962816509572,,,143.08861788793985,,,,,0.0,0.4540174202907511,-0.015382893983769463,-1.0121767139062285,-0.589977215975523,1.1958024743944407,0.33728286530822515,0.42375888442620635,0.6779607106000185,0.28235590807162225,n/a,n/a,n/a,n/a,0.3523205874722728,179.4182547083119,0.0,,,,,,n/a,n/a,0.15919014811515808,196.7958221435547,-3.7390177249908447,0.008134198375046253,n/a,0.5548574924468994,0.15919014811515808,n/a,n/a,n/a,n/a,n/a,n/a,n/a,n/a,11.743301630020142,,,-16.45759288701054,nan,nan,5.787271836469877,59.232304145471446,6.786590174982648,,nan
35,21,21,826.8964450141866,258.90625,64,0.375,0.625,0.0,0.0,n/a,n/a,23.734375,1947.9565179971642,218.9887419115654,n/a,n/a,598.5499836703948,11.620278575458496,13.444353750465332,6.072647875196612,0.0,-0.0007873973492795974,,,141.421871793915,,,,,0.0,0.4524022999540034,-0.018461841241787624,-1.0084299193695188,-0.5909376903437078,1.1911122370511293,0.34207525476813316,0.4347346620634198,0.6742329895496368,0.2838310881052166,n/a,n/a,n/a,n/a,0.359972410274626,178.90393134619757,0.0,,,,,,n/a,n/a,0.14392060041427612,132.6284942626953,-3.7321295738220215,0.009325644001364708,n/a,0.3194190263748169,0.14392060041427612,n/a,n/a,n/a,n/a,n/a,n/a,n/a,n/a,11.792038917541504,,,-16.61443919444075,nan,nan,5.9368062410421825,59.48776916160797,6.977960537896239,,nan
35,22,22,813.3280778835094,261.0697916666667,64,0.31145833333333334,0.6885416666666666,0.0,0.0,n/a,n/a,23.804166666666667,1951.5973403814642,217.95906481529937,n/a,n/a,611.2849793435869,11.491077270516278,13.421449382581763,6.145795646108962,0.0,-0.000835599018953459,,,114.34993753415279,,,,,0.0,0.4517071529083695,-0.020132146566720622,-1.014153900059561,-0.5874560823353628,1.186117001498739,0.3403151891815166,0.424803372255216,0.6651115049297611,0.28012714617264767,n/a,n/a,n/a,n/a,0.281542383043356,179.50387289520015,0.0,,,,,,n/a,n/a,-0.05430533364415169,249.10345458984375,-3.7805237770080566,0.007645372301340103,n/a,0.26515883207321167,-0.05430533364415169,n/a,n/a,n/a,n/a,n/a,n/a,n/a,n/a,11.458218336105347,,,-16.7671775613029,nan,nan,5.75320277055666,60.64125860219199,7.008390494135911,,nan
35,23,23,822.9633451025333,259.140625,61,0.3333333333333333,0.6666666666666666,0.0,0.0,n/a,n/a,23.942708333333332,1949.78548162909,218.87504694957775,n/a,n/a,610.4141205014907,11.534695252739304,13.396125609195533,6.1037274926592975,0.0,-0.0008150553589233646,,,125.04313462735108,,,,,0.0,0.44959083024585134,-0.015680422002143736,-1.0123572191223502,-0.5779707993691166,1.188046054293712,0.34317487136771285,0.4336250692916413,0.6643047022322813,0.2796111341255406,n/a,n/a,n/a,n/a,0.28435801442286435,179.48033669094875,0.0,,,,,,n/a,n/a,0.10707364231348038,225.77423095703125,-3.790827512741089,0.006918709725141525,n/a,0.6383391618728638,0.10707364231348038,n/a,n/a,n/a,n/a,n/a,n/a,n/a,n/a,10.747250318527222,,,-16.6373588405608,nan,nan,5.819442501876038,60.27326106381794,7.017011949323038,,nan
35,24,24,777.711009487867,267.8125,63,0.234375,0.765625,0.0,0.0,n/a,n/a,24.041666666666668,1951.2624181333058,208.70448564408457,n/a,n/a,610.6431271711801,11.775940471428171,13.769945455262302,6.3390112292486975,0.0,-0.0008480192722919148,,,77.04679011959958,,,,,0.0,0.45140321784588255,-0.026358649271666458,-1.0139260599389672,-0.5916225413481395,1.172481975518167,0.3436612559792896,0.43170478257040185,0.6739158990482489,0.28988228738307953,n/a,n/a,n/a,n/a,0.24802626509655706,178.9004188248532,0.0,,,,,,n/a,n/a,-0.16638228297233582,268.8638916015625,-3.7597169876098633,0.007505831774324179,n/a,0.4665873646736145,-0.16638228297233582,n/a,n/a,n/a,n/a,n/a,n/a,n/a,n/a,11.064175605773926,,,-17.13649417507888,nan,nan,5.961310214037086,62.04951498999651,7.26271203146582,,nan
35,25,25,852.2335592485236,262.5364583333333,62,0.359375,0.640625,0.0,0.0,n/a,n/a,23.953125,1935.8760688309433,216.5010085765287,n/a,n/a,615.273413594391,11.68900860219313,13.582607405103097,6.248446342867041,0.0,-0.0008124565916883079,,,148.39235223054408,,,,,0.0,0.4476077462007827,-0.02199724604652905,-1.0206656605005264,-0.5681665982119739,1.1820280986527603,0.3379178137208025,0.43252350607266027,0.6668498913447062,0.2875974214014908,n/a,n/a,n/a,n/a,0.2903496821295951,178.9381127621656,0.0,,,,,,n/a,n/a,0.14471282064914703,186.9749755859375,-3.7287139892578125,0.011828764341771603,n/a,0.48515069484710693,0.14471282064914703,n/a,n/a,n/a,n/a,n/a,n/a,n/a,n/a,11.655630826950073,,,-16.728290800726626,nan,nan,5.709346753618169,61.10576668273987,6.961720894385677,,nan
35,26,26,851.2848067272232,260.1875,62,0.359375,0.640625,0.0,0.0,n/a,n/a,23.921875,1943.8122945262044,218.88719340991966,n/a,n/a,617.2467576202848,11.605613918389073,13.485093402540915,6.161917455676031,0.0,-0.0008053702474710416,,,146.0117774851246,,,,,0.0,0.44438999651378464,-0.01692977144375618,-1.0083712028960388,-0.5704597807489336,1.1886781317492325,0.3347279638983309,0.4341100247887274,0.6557508502155542,0.28142011670085293,n/a,n/a,n/a,n/a,0.2740674396605359,179.38770625015277,0.0,,,,,,n/a,n/a,-0.22181949019432068,351.45660400390625,-3.7666878700256348,0.007008418440818787,n/a,0.34171611070632935,-0.22181949019432068,n/a,n/a,n/a,n/a,n/a,n/a,n/a,n/a,10.800042629241943,,,-16.654073260399393,nan,nan,5.947958677518399,60.46814611311589,7.012420685220106,,nan
35,27,27,775.6770757572342,271.4375,61,0.26041666666666663,0.7395833333333333,0.0,0.0,n/a,n/a,23.776041666666668,1947.622121619651,213.65422681444238,n/a,n/a,607.6249041181945,11.888554089892034,13.973693927122865,6.759634022834483,-1.3768689891927958e-11,-0.0008291289655634911,,,78.44932636331284,,,,,0.0,0.44832708908978014,-0.024662759476996143,-1.0161430854350328,-0.5751493281374376,1.1771495752036572,0.33972537129496533,0.429531178281953,0.6645303604503473,0.2873182090309759,n/a,n/a,n/a,n/a,3.1152465887317065,178.53579866605878,0.0,,,,,,n/a,n/a,-0.14368261396884918,247.99826049804688,-3.747694492340088,0.010691105388104916,n/a,0.4474376440048218,-0.14368261396884918,n/a,n/a,n/a,n/a,n/a,n/a,n/a,n/a,11.369951009750366,,,-17.208563029239105,nan,nan,5.608314417806516,61.34933282283114,7.23270815345822,,nan
35,28,28,836.7204723841569,279.609375,62,0.34375,0.65625,0.0,0.0,n/a,n/a,24.0625,1938.2609955062944,214.8597202340411,n/a,n/a,614.6194535605249,12.218242402050246,14.391657782609107,6.959209162744619,-7.509142569269213,-0.0008152119718753358,,,137.99209768531367,,,,,0.0,0.4468984199052445,-0.01803438816614289,-1.0084430435672402,-0.58266143174842,1.1864964757114649,0.33260412607342005,0.43385966680943966,0.663958297111094,0.2857895353808999,n/a,n/a,n/a,n/a,0.3434765785384561,178.56841742623567,0.0,,,,,,n/a,n/a,0.17137402296066284,201.48866271972656,-3.7360498905181885,0.008485939353704453,n/a,0.6604613065719604,0.17137402296066284,n/a,n/a,n/a,n/a,n/a,n/a,n/a,n/a,11.401587009429932,,,-17.57028715031081,nan,nan,5.631845299072853,62.45651970818038,7.531691715213089,,nan
35,29,29,856.8778326700896,271.90625,59,0.41666666666666663,0.5833333333333333,0.0,0.0,n/a,n/a,23.791666666666668,1935.7379144360616,219.49326897118598,n/a,n/a,608.1182448649043,11.945320516424449,14.003917400570558,6.9666530616968485,-0.6208071603350764,-0.0008180549230150415,,,160.39505747956747,,,,,0.0,0.44208978040983893,-0.01822824816705785,-1.014818993397057,-0.5650593770357469,1.1817740481346846,0.3424015576019883,0.43748094141483307,0.6550163760160407,0.2854327395713578,n/a,n/a,n/a,n/a,4.1263323219834325,179.6244994118295,0.0,,,,,,n/a,n/a,-0.02443445660173893,211.10079956054688,-3.732483148574829,0.0070685395039618015,n/a,0.47268325090408325,-0.02443445660173893,n/a,n/a,n/a,n/a,n/a,n/a,n/a,n/a,11.535340309143066,,,-17.087841151908673,nan,nan,5.405672218578911,60.55418295046057,7.198250545053158,,nan
35,30,30,844.4700572285867,264.6875,65,0.353125,0.646875,0.0,0.0,n/a,n/a,23.878125,1945.4533018815118,218.94648111902245,n/a,n/a,616.8314424659006,11.664250045548762,13.648743870886836,6.457499742966911,-1.0767034896906613e-05,-0.0008299115348877242,,,138.51604025042224,,,,,0.0,0.4508187858788408,-0.017990986129825616,-1.010415283590555,-0.5884701219387353,1.2035403847694397,0.33578644385561346,0.42697087610140444,0.6649111710488796,0.28277996787801385,n/a,n/a,n/a,n/a,2.3061572844716904,179.4480922263238,0.0,,,,,,n/a,n/a,-0.022776274010539055,259.88751220703125,-3.719862699508667,0.00572975305840373,n/a,0.5043871402740479,-0.022776274010539055,n/a,n/a,n/a,n/a,n/a,n/a,n/a,n/a,11.876340389251709,,,-16.848750653976367,nan,nan,5.774544188534424,61.36573856495342,7.061389431919544,,nan
35,31,31,846.4528127758056,263.46875,62,0.3645833333333333,0.6354166666666666,0.0,0.0,n/a,n/a,23.932291666666668,1953.7281320040852,216.8161637578176,n/a,n/a,610.0595130114477,11.631911349281001,13.567121963377831,6.215534137541024,0.0,-0.0008338072829400078,,,149.13759229396837,,,,,0.0,0.4480317743324922,-0.02270592149246416,-1.008936251824101,-0.5838739876635373,1.1927366992458701,0.34177849659075343,0.4346207178508242,0.6600569766014814,0.2842152064355711,n/a,n/a,n/a,n/a,0.3242153936228795,179.15376796601993,0.0,,,,,,n/a,n/a,-0.07349975407123566,226.0283660888672,-3.7255287170410156,0.008461523801088333,n/a,0.22032397985458374,-0.07349975407123566,n/a,n/a,n/a,n/a,n/a,n/a,n/a,n/a,11.617451190948486,,,-16.90200954530839,nan,nan,5.778810212747188,59.79656655710869,7.16860660292506,,nan
35,32,32,860.3696036885187,255.703125,63,0.4114583333333333,0.5885416666666666,0.0,0.0,n/a,n/a,23.890625,1950.1885188795143,221.40058143737457,n/a,n/a,609.106881573363,11.444032971111962,13.25405151906813,5.977228371480623,0.0,-0.0008027604156146096,,,164.7959630979774,,,,,0.0,0.45213299053181066,-0.014707347573676088,-1.0039581262196104,-0.5870373590538899,1.207803702602784,0.33702756371349096,0.4292097073048353,0.6749930754303932,0.2806245091681679,n/a,n/a,n/a,n/a,0.32980489833348614,179.40854934952148,0.0,,,,,,n/a,n/a,-0.11764317750930786,271.5306396484375,-3.7200534343719482,0.010960542596876621,n/a,0.12434899806976318,-0.11764317750930786,n/a,n/a,n/a,n/a,n/a,n/a,n/a,n/a,11.751407146453857,,,-16.44717813607832,nan,nan,5.840311049197905,59.46612169050371,6.93299431230986,,nan
35,33,33,814.1618625970417,258.453125,64,0.3125,0.6875,0.0,0.0,n/a,n/a,23.890625,1946.9577612784506,219.28985442983912,n/a,n/a,609.9755713411091,11.564061397350535,13.405075426970019,6.092499741830987,0.0,-0.0007953916990174442,,,117.6862786531257,,,,,0.0,0.4485643937986482,-0.017432486402753966,-1.0093600172549486,-0.5776852089911699,1.2038344657048583,0.3332077939994633,0.4344315263442695,0.6644339812919497,0.28221935452893376,n/a,n/a,n/a,n/a,0.38956883815775484,178.99190729399578,0.0,,,,,,n/a,n/a,0.051805175840854645,256.69232177734375,-3.727018356323242,0.018508780747652054,n/a,0.5912068486213684,0.051805175840854645,n/a,n/a,n/a,n/a,n/a,n/a,n/a,n/a,12.372438430786133,,,-16.572312342766416,nan,nan,5.820157130109813,59.15988744824321,7.031439192767802,,nan
35,34,34,849.0521279262784,256.078125,64,0.359375,0.640625,0.0,0.0,n/a,n/a,23.984375,1941.1421289135696,222.77375590685728,n/a,n/a,615.4018170804038,11.3691592626514,13.217040979786773,6.053588683895051,0.0,-0.0008249122962555077,,,145.6807175363804,,,,,0.0,0.4546296958137287,-0.012786459859000843,-1.0149563271552324,-0.581356527749449,1.208112608641386,0.33636776730418205,0.42433121940121055,0.6792189748957753,0.2818823638372123,n/a,n/a,n/a,n/a,0.2765858505313878,179.4449978988927,0.0,,,,,,n/a,n/a,0.019982846453785896,280.4877624511719,-3.7168359756469727,0.005565781146287918,n/a,0.3800816535949707,0.019982846453785896,n/a,n/a,n/a,n/a,n/a,n/a,n/a,n/a,13.529588460922241,,,-16.411107819547674,nan,nan,5.708460346470672,61.257701512331835,6.7755752562025044,,nan
35,35,35,824.0736958357193,261.390625,60,0.296875,0.703125,0.0,0.0,n/a,n/a,24.046875,1938.378669134016,215.64038576763534,n/a,n/a,617.359048146247,11.635232089174352,13.509041438658095,6.232937111862309,0.0,-0.000821730954279358,,,116.89264410099393,,,,,0.0,0.4425238898866803,-0.014865257265540777,-1.0128947794437408,-0.5626201219856739,1.1935042534023523,0.33809672482311726,0.4411000837571919,0.6627622405067086,0.2877966105006635,n/a,n/a,n/a,n/a,0.2928547058601062,179.23847196225518,0.0,,,,,,n/a,n/a,0.30086633563041687,165.6233367919922,-3.678779363632202,0.008855974301695824,n/a,0.5862551927566528,0.30086633563041687,n/a,n/a,n/a,n/a,n/a,n/a,n/a,n/a,12.713113069534302,,,-16.674946843874977,nan,nan,5.766579849076049,62.261957362009326,7.092024312527412,,nan
35,36,36,802.6814178385698,276.6510416666667,63,0.2864583333333333,0.7135416666666666,0.0,0.0,n/a,n/a,23.921875,1938.6607068535209,216.92797340311208,n/a,n/a,609.3786601854845,12.14460413298037,14.262319813411754,7.016568957906481,-4.4200629749212295e-05,-0.0008408292481341592,,,101.11072968569923,,,,,0.0,0.4444080718084136,-0.016487464358836707,-1.0178277567029,-0.5744572052111229,1.1883057225495577,0.34375066791350645,0.43919086347644526,0.6632844262445966,0.28859076734321815,n/a,n/a,n/a,n/a,2.6053193500425036,177.81554606973415,0.0,,,,,,n/a,n/a,0.20312774181365967,205.90216064453125,-3.6559932231903076,0.008797645568847656,n/a,0.5410486459732056,0.20312774181365967,n/a,n/a,n/a,n/a,n/a,n/a,n/a,n/a,12.937530040740967,,,-17.37508679238107,nan,nan,5.6560534003736676,63.13335934995899,7.35509413501385,,nan
35,37,37,907.664410725984,276.453125,60,0.5052083333333333,0.49479166666666663,0.0,0.0,n/a,n/a,23.927083333333336,1933.203846503454,214.9248837269035,n/a,n/a,610.7153446325271,12.085413241694297,14.237931836089878,7.026980145027831,-2.8903026050824954e-05,-0.0008681102348452157,,,204.1235255824406,,,,,0.0,0.4502266274934201,-0.02184651381230651,-1.0205148200814924,-0.5926758533654114,1.1909367715318997,0.3385965313451985,0.4366059854316215,0.6772746304050088,0.2966664273602267,n/a,n/a,n/a,n/a,3.4920390824695415,178.20130488023761,0.0,,,,,,n/a,n/a,0.20367483794689178,191.46710205078125,-3.650458812713623,0.007277967408299446,n/a,0.5962584614753723,0.20367483794689178,n/a,n/a,n/a,n/a,n/a,n/a,n/a,n/a,12.596155166625977,,,-17.331117098025143,nan,nan,5.832314467926642,63.61219945066908,7.362715480894604,,nan
35,38,38,855.1025804797832,261.134375,65,0.371875,0.628125,0.0,0.0,n/a,n/a,23.99375,1939.4597049097422,217.8059067431401,n/a,n/a,614.0659825313685,11.624478422539982,13.50384361081452,6.19366765857539,0.0,-0.0008228007041232098,,,150.94442958343984,,,,,0.0,0.4472451165094253,-0.016153771573249286,-1.012788679637015,-0.5749907732009888,1.2077980656176805,0.33914912985637785,0.44477741736918686,0.6652822466567159,0.2929495978169143,n/a,n/a,n/a,n/a,0.35756589302249586,179.05170445545977,0.0,,,,,,n/a,n/a,-0.10320933163166046,271.782470703125,-3.65149188041687,0.0070958444848656654,n/a,0.38436824083328247,-0.10320933163166046,n/a,n/a,n/a,n/a,n/a,n/a,n/a,n/a,13.51986289024353,,,-16.671228311443812,nan,nan,5.855313285411517,62.44808081895809,7.138835680823378,,nan
35,39,39,864.0830963936371,255.53125,64,0.390625,0.609375,0.0,0.0,n/a,n/a,23.75,1954.3479500972867,224.60308120367716,n/a,n/a,611.875135609747,11.443581754394774,13.228606554214087,5.955660035847169,0.0,-0.000811097659016354,,,162.79815733648257,,,,,0.0,0.45095382860580535,-0.008979633150374866,-1.0051098773255944,-0.5841114693321288,1.2214580588042736,0.34232401102781296,0.44375040335580707,0.6611677054315805,0.2835296979174018,n/a,n/a,n/a,n/a,0.2815545878785016,179.64661373584477,0.0,,,,,,n/a,n/a,0.11226411163806915,304.0845031738281,-3.62626576423645,0.007839834317564964,n/a,0.1446492075920105,0.11226411163806915,n/a,n/a,n/a,n/a,n/a,n/a,n/a,n/a,13.27183747291565,,,-16.464210936082424,nan,nan,5.838286947832962,62.35273369867047,7.055956490189643,,nan
35,40,40,799.8272060268149,255.31041666666667,64,0.265625,0.734375,0.0,0.0,n/a,n/a,23.73229166666667,1949.325319304969,222.08381055748777,n/a,n/a,612.5110137996893,11.448333501172563,13.234674040902448,5.981400584589194,0.0,-0.0008067569562727532,,,97.64018266136299,,,,,0.0,0.44422354529389263,-0.008084875808314488,-1.0029598128050565,-0.5705436940304935,1.2141905224571627,0.3386519191476206,0.44827641077960534,0.6599227773646513,0.28233186717455583,n/a,n/a,n/a,n/a,0.2823423937066313,179.71596077869594,0.0,,,,,,n/a,n/a,0.06499985605478287,314.2645263671875,-3.6079049110412598,0.007337197661399841,n/a,0.1193743348121643,0.06499985605478287,n/a,n/a,n/a,n/a,n/a,n/a,n/a,n/a,13.327383518218994,,,-16.415714500051628,nan,nan,5.96739530917044,62.30902980430289,7.151697582632995,,nan
35,41,41,882.2191385739613,254.765625,64,0.4375,0.5625,0.0,0.0,n/a,n/a,23.734375,1943.580545237645,223.90522509845061,n/a,n/a,612.3003550793089,11.400649605308036,13.19135580177622,5.987591276403508,0.0,-0.0008195176611365692,,,180.84300530801926,,,,,0.0,0.4423744785338743,-0.006828044152781487,-1.0041825314983726,-0.5664027971215546,1.2126859575510025,0.3326252750121057,0.44743932923302054,0.6593391131609678,0.2830116664990783,n/a,n/a,n/a,n/a,0.3266851395038422,179.5496848388479,0.0,,,,,,n/a,n/a,-0.34848999977111816,291.4403381347656,-3.5776283740997314,0.007789052557200193,n/a,0.3829941749572754,-0.34848999977111816,n/a,n/a,n/a,n/a,n/a,n/a,n/a,n/a,14.019777059555054,,,-16.342072303608266,nan,nan,5.889143960855863,61.890444253997295,7.0594851095617095,,nan
35,42,42,859.6339549197538,261.4791666666667,63,0.38541666666666663,0.6145833333333333,0.0,0.0,n/a,n/a,23.916666666666668,1934.6712405424191,216.16780834451828,n/a,n/a,611.859160481457,11.67015561358152,13.535982644273515,6.226853555656582,0.0,-0.0008254475162408487,,,156.8693101236556,,,,,0.0,0.4434236734995945,-0.014636661896929581,-1.0146624070281784,-0.5684070646141967,1.1938798697665334,0.3416000586003065,0.4497399991378188,0.6659401521707574,0.29068500362336636,n/a,n/a,n/a,n/a,0.3193471921549634,179.0927251091798,0.0,,,,,,n/a,n/a,0.032166462391614914,245.48973083496094,-3.5920588970184326,0.005846849642693996,n/a,0.5197067260742188,0.032166462391614914,n/a,n/a,n/a,n/a,n/a,n/a,n/a,n/a,13.409570693969727,,,-16.652674817905883,nan,nan,5.8554071269879575,63.129400284617475,7.141185354946213,,nan
35,43,43,894.6985579932397,255.234375,64,0.421875,0.578125,0.0,0.0,n/a,n/a,23.90625,1941.3079960174905,224.56331715362163,n/a,n/a,619.4009472063526,11.373751315090656,13.201371837173902,6.010037215471442,0.0,-0.0008138676014126489,,,185.00359702851722,,,,,0.0,0.44956218696195466,-0.009017175502094688,-1.0134269557893276,-0.5742938560433686,1.2065522037446499,0.33536239294335246,0.4384638052433729,0.6715780235826969,0.28483678912743926,n/a,n/a,n/a,n/a,0.26937382588422415,179.48886149544106,0.0,,,,,,n/a,n/a,0.09224867075681686,251.1562042236328,-3.5977365970611572,0.014985205605626106,n/a,-0.020105838775634766,0.09224867075681686,n/a,n/a,n/a,n/a,n/a,n/a,n/a,n/a,13.10490894317627,,,-16.3583980915051,nan,nan,5.752894747473771,63.358237774721516,6.956932827544948,,nan
35,44,44,886.2463801444181,254.65625,64,0.421875,0.578125,0.0,0.0,n/a,n/a,23.796875,1947.4343402008442,223.6924564629257,n/a,n/a,616.7381026885428,11.46243247609376,13.2180638319204,5.955965330533103,0.0,-0.0008069276205171856,,,179.83416360630372,,,,,0.0,0.4337704405160785,-0.004792539382947325,-1.010074544698,-0.5323115806095302,1.2046163138002157,0.34303489327430725,0.45968519197776914,0.6442164005711675,0.28487524995580316,n/a,n/a,n/a,n/a,0.34182742015776135,179.58248492309275,0.0,,,,,,n/a,n/a,-0.16007354855537415,331.2638244628906,-3.6133532524108887,0.007164635229855776,n/a,0.3119041323661804,-0.16007354855537415,n/a,n/a,n/a,n/a,n/a,n/a,n/a,n/a,13.094249486923218,,,-16.36198096157569,nan,nan,5.929803932345745,62.38006310287918,7.0905730649957075,,nan
35,45,45,902.9194563848092,259.0833333333333,63,0.4427083333333333,0.5572916666666666,0.0,0.0,n/a,n/a,23.875,1936.7595390108509,218.49625761574234,n/a,n/a,619.888611914773,11.506555525215159,13.383190035810918,6.170618687941622,0.0,-0.0008249102636395556,,,191.84940138575712,,,,,0.0,0.4495598331413707,-0.013851535802132275,-1.0185161403690774,-0.5757637096879383,1.204910137380163,0.3400225353737672,0.4425078715818624,0.6768373291318616,0.29225235315971076,n/a,n/a,n/a,n/a,0.30478769148741097,179.12951159862803,0.0,,,,,,n/a,n/a,0.14949926733970642,176.07347106933594,-3.594757556915283,0.009587711654603481,n/a,0.16813385486602783,0.14949926733970642,n/a,n/a,n/a,n/a,n/a,n/a,n/a,n/a,13.223272562026978,,,-16.537262332543335,nan,nan,5.733512138193589,63.88260488587978,7.043049054044966,,nan
35,46,46,817.1776329365871,255.8125,64,0.28125,0.71875,0.0,0.0,n/a,n/a,23.625,1944.2625032091314,222.4561607480357,n/a,n/a,618.876805534072,11.37910008019688,13.229424030462381,6.0179482895403495,0.0,-0.0008139606317171296,,,107.88456248805869,,,,,0.0,0.4462193350903071,-0.01139623572430537,-1.0150527358055115,-0.5634677759371698,1.2077612336724997,0.33548169769346714,0.43314862810075283,0.6652652323246002,0.2849634285084903,n/a,n/a,n/a,n/a,0.2719213549063048,179.25679763696087,0.0,,,,,,n/a,n/a,0.025857454165816307,235.1488037109375,-3.5625648498535156,0.006562691181898117,n/a,0.4309772253036499,0.025857454165816307,n/a,n/a,n/a,n/a,n/a,n/a,n/a,n/a,12.788768768310547,,,-16.415274161807854,nan,nan,5.818334132723476,63.49075479981871,6.8967917041541345,,nan
35,47,47,879.0375212428089,255.35625,65,0.403125,0.596875,0.0,0.0,n/a,n/a,23.653125,1950.6688919772314,223.296830786545,n/a,n/a,616.5742148478635,11.370465289800556,13.197409763545028,5.983645838485155,0.0,-0.0008179731650159166,,,171.71572651826204,,,,,0.0,0.4474720145005133,-0.007380958390513115,-1.0071704620495439,-0.5746052324771881,1.2156889129430055,0.3434181844815612,0.44490648433566093,0.6637044908478856,0.2859567337203771,n/a,n/a,n/a,n/a,0.25277211068045674,179.52210763526404,0.0,,,,,,n/a,n/a,0.032139331102371216,239.58628845214844,-3.5612263679504395,0.008219446986913681,n/a,0.2641310691833496,0.032139331102371216,n/a,n/a,n/a,n/a,n/a,n/a,n/a,n/a,13.263037919998169,,,-16.426994848810367,nan,nan,5.787992248206339,63.77709237645987,7.05878718216184,,nan
35,48,48,880.5271168725244,255.59375,64,0.40625,0.59375,0.0,0.0,n/a,n/a,23.796875,1947.5224693816308,224.08401919422926,n/a,n/a,617.1411913528424,11.340786272011854,13.196210516024653,6.011462667514568,0.0,-0.0008188697117540063,,,172.82892172158154,,,,,0.0,0.45120627751579456,-0.008924506673793076,-1.0096205063164234,-0.5809893566183746,1.2206232771277428,0.33893567975610495,0.43718126555904746,0.668908610008657,0.28537975531071424,n/a,n/a,n/a,n/a,0.2842973756591861,179.52617563921888,0.0,,,,,,n/a,n/a,0.20206749439239502,168.29177856445312,-3.547720432281494,0.006220600102096796,n/a,-0.001188516616821289,0.20206749439239502,n/a,n/a,n/a,n/a,n/a,n/a,n/a,n/a,13.960837841033936,,,-16.422641678330635,nan,nan,5.7646432193516395,63.681788297015956,6.9855733742240895,,nan
35,49,49,861.1218148903841,258.3645833333333,63,0.3645833333333333,0.6354166666666666,0.0,0.0,n/a,n/a,23.932291666666668,1952.9265928597263,220.2160005169797,n/a,n/a,615.5283094091806,11.49904989985804,13.352904845363867,6.0564126125333,0.0,-0.0008289450474636877,,,154.4691979582875,,,,,0.0,0.4452034348576561,-0.011988131940466218,-1.0092535695681968,-0.5735524538904428,1.2037555032099287,0.3368627744105955,0.44618355110287666,0.6638754103332758,0.29033435120557743,n/a,n/a,n/a,n/a,0.3515314202191884,179.036414093318,0.0,,,,,,n/a,n/a,-0.08440221101045609,319.9314880371094,-3.54914927482605,0.008295649662613869,n/a,0.46117228269577026,-0.08440221101045609,n/a,n/a,n/a,n/a,n/a,n/a,n/a,n/a,12.776038408279419,,,-16.60629808093838,nan,nan,5.918066476235172,63.7498060476418,7.155194667269685,,nan
35,50,50,840.7050302783307,276.746875,63,0.35625,0.6125,0.0,0.03125,n/a,n/a,23.8125,1909.8619882507987,214.51598036964572,n/a,n/a,608.1526053459083,12.095064964112009,14.243878798097887,7.355160832304592,-3.278623332793689,-0.0008405892843147604,,,139.58193616408676,,,,,0.0,0.44119324901524853,-0.019044727374807734,-1.028666433133185,-0.5602625439874828,1.18541450612247,0.34229129226878285,0.44276436427608135,0.6627611625939608,0.30302903028205036,n/a,n/a,n/a,n/a,5.4129168490763675,177.74750509750834,0.0,,,,,,n/a,n/a,0.14272865653038025,195.69650268554688,-3.530149221420288,0.007238219026476145,n/a,0.5062422752380371,0.14272865653038025,n/a,n/a,n/a,n/a,n/a,n/a,n/a,n/a,13.169922828674316,,,-17.127141095800553,nan,nan,5.574767376562512,66.81500866259896,7.293213152538193,,nan
35,51,51,852.6958215481683,255.32291666666669,63,0.33854166666666663,0.6614583333333333,0.0,0.0,n/a,n/a,23.963541666666668,1941.337667413448,221.33727493534107,n/a,n/a,619.670383180319,11.44692952130975,13.240227259984184,6.006926881194248,0.0,-0.0008183146759048526,,,140.76665281513965,,,,,0.0,0.4477635694693844,-0.008564658238052894,-1.0085358473782737,-0.573166863527149,1.2145729797581832,0.33882119056458276,0.44106923043727875,0.6698196033636729,0.29218766853834194,n/a,n/a,n/a,n/a,0.3036188266652153,179.17895331375416,0.0,,,,,,n/a,n/a,-0.062488555908203125,253.75721740722656,-3.535151958465576,0.006547383964061737,n/a,0.4769889712333679,-0.062488555908203125,n/a,n/a,n/a,n/a,n/a,n/a,n/a,n/a,13.067792415618896,,,-16.363399301654397,nan,nan,6.0494313340796175,64.949641402802,6.929846769670028,,nan
35,52,52,871.43588846075,255.390625,65,0.384375,0.615625,0.0,0.0,n/a,n/a,23.796875,1947.1308392074086,223.02988609649822,n/a,n/a,616.7983891368272,11.348226339292022,13.18742515812881,6.0142636618126595,0.0,-0.0008210752898328202,,,163.4014881929009,,,,,0.0,0.4517023204425944,-0.00646543096181631,-1.0055848374962806,-0.5869616332463921,1.2153767801821231,0.3423321433365345,0.44486097544431685,0.66772699393332,0.29185040276497604,n/a,n/a,n/a,n/a,0.27790542615271063,179.7115067668197,0.0,,,,,,n/a,n/a,0.0497557632625103,236.54232788085938,-3.5459067821502686,0.006162372883409262,n/a,0.10819065570831299,0.0497557632625103,n/a,n/a,n/a,n/a,n/a,n/a,n/a,n/a,13.577658414840698,,,-16.405453256509812,nan,nan,5.761745455187639,64.2532877795252,7.077337068875234,,nan
35,53,53,825.6141442522238,255.5,64,0.296875,0.703125,0.0,0.0,n/a,n/a,23.875,1951.1586519962789,222.77878911914223,n/a,n/a,616.4101687651337,11.494550094443007,13.262617894678783,5.9550429802575575,0.0,-0.000805287832410189,,,117.20331734027934,,,,,0.0,0.4480444395160412,-0.008562319703742105,-1.0035533225163817,-0.5819290746003389,1.2064201831817627,0.33580815605819225,0.4451963184401393,0.6709675006568432,0.29234188608825207,n/a,n/a,n/a,n/a,0.243888247504737,179.27076301165565,0.0,,,,,,n/a,n/a,-0.06903751939535141,250.5118865966797,-3.5621299743652344,0.005669499281793833,n/a,0.4339498281478882,-0.06903751939535141,n/a,n/a,n/a,n/a,n/a,n/a,n/a,n/a,12.747082471847534,,,-16.43952671413151,nan,nan,6.02134791215509,64.71376302458842,6.99366824265196,,nan
35,54,54,856.5225104080482,258.109375,61,0.3489583333333333,0.6510416666666666,0.0,0.0,n/a,n/a,23.776041666666668,1931.6418911367737,220.3348536580071,n/a,n/a,619.7701107728125,11.488522369409417,13.337368058071167,6.147381023549225,0.0,-0.0008202022319090435,,,144.56851191079522,,,,,0.0,0.4452330812154454,-0.01266782237538185,-1.0199848391736548,-0.5647433372214437,1.2049343176186085,0.33537805701295537,0.4419043529778719,0.666241850083073,0.29848518734797835,n/a,n/a,n/a,n/a,0.22662094897781457,179.36482362917934,0.0,,,,,,n/a,n/a,-0.45936864614486694,401.04071044921875,-3.5835163593292236,0.0070772189646959305,n/a,0.30197346210479736,-0.45936864614486694,n/a,n/a,n/a,n/a,n/a,n/a,n/a,n/a,12.293076276779175,,,-16.444934590874222,nan,nan,5.539539299169826,65.18986223223146,6.9269695351155365,,nan
35,55,55,853.4760460061599,264.8333333333333,63,0.35416666666666663,0.6302083333333333,0.0,0.015625,n/a,n/a,23.875,1935.7650092144836,221.4548381751141,n/a,n/a,617.8009269177026,11.56131182556193,13.61684927440664,6.447998143409514,-1.6113093928664002,-0.0008599888227865638,,,144.18242157489686,,,,,0.0,0.45420725250583077,-0.013436741147264305,-1.01879615491877,-0.5992287633319696,1.2018109414105613,0.33382516509542864,0.4277508775703609,0.678285942102472,0.2956521548330784,n/a,n/a,n/a,n/a,1.5661846565895499,178.18744289427784,0.0,,,,,,n/a,n/a,-0.07277029752731323,219.96005249023438,-3.5582001209259033,0.0128950085490942,n/a,0.2092563509941101,-0.07277029752731323,n/a,n/a,n/a,n/a,n/a,n/a,n/a,n/a,11.777770757675171,,,-16.795834038161633,nan,nan,5.610296089411721,65.66667043098751,6.997575169633992,,nan
35,56,56,894.5219894327158,261.16770833333334,64,0.4354166666666667,0.5645833333333333,0.0,0.0,n/a,n/a,23.894791666666666,1926.1196312614557,219.2125834236724,n/a,n/a,615.5605111484348,11.635348262178912,13.524754772741229,6.2615730529727545,0.0,-0.0008190996644867614,,,186.69425126818754,,,,,0.0,0.4429971108711538,-0.017164543897100277,-1.02110141441226,-0.5628885822060208,1.1894844451298316,0.3392098391118149,0.4408519683095316,0.6754884294544657,0.30482015103722615,n/a,n/a,n/a,n/a,0.3003074411831377,178.55165444397545,0.0,,,,,,n/a,n/a,-0.02056422457098961,284.0708312988281,-3.599154233932495,0.005768658593297005,n/a,0.13538694381713867,-0.02056422457098961,n/a,n/a,n/a,n/a,n/a,n/a,n/a,n/a,11.764920234680176,,,-16.571309812149906,nan,nan,5.736347682488367,64.71078387385606,6.970548283670478,,nan
35,57,57,834.4404967419289,255.453125,65,0.309375,0.690625,0.0,0.0,n/a,n/a,23.90625,1943.5178234589084,223.87898382266727,n/a,n/a,619.3640575021051,11.47356590369536,13.26569339867605,6.004089950871299,0.0,-0.0007942218056280726,,,123.7626474089153,,,,,0.0,0.4427102494035002,-0.005654550084727816,-1.007210559397936,-0.5631590943783522,1.2022199172526598,0.33755441196262836,0.44706365102902057,0.6629561133682728,0.293767608422786,n/a,n/a,n/a,n/a,0.2746990798427241,179.41384848316605,0.0,,,,,,n/a,n/a,-0.1709669828414917,325.536865234375,-3.632814884185791,0.005413036793470383,n/a,0.4800708293914795,-0.1709669828414917,n/a,n/a,n/a,n/a,n/a,n/a,n/a,n/a,11.734158039093018,,,-16.38622842360579,nan,nan,5.948809063930511,64.05759603142444,6.951060127722247,,nan
35,58,58,801.7825621617125,256.40625,63,0.23958333333333331,0.7604166666666666,0.0,0.0,n/a,n/a,23.822916666666668,1953.76249186426,220.44154334334044,n/a,n/a,619.9029055301644,11.33207684838182,13.20670801523212,6.0101950905438315,0.0,-0.0008265483879728452,,,90.6051625279604,,,,,0.0,0.4460926186463533,-0.009949188850896462,-1.0059277092417083,-0.5825218229244152,1.1995159648358822,0.3375783187026779,0.4412012218187253,0.6607933845371008,0.2920323453533153,n/a,n/a,n/a,n/a,0.2593605491606298,179.67999613039603,0.0,,,,,,n/a,n/a,0.13183510303497314,209.49876403808594,-3.623326539993286,0.005771844647824764,n/a,0.2875383496284485,0.13183510303497314,n/a,n/a,n/a,n/a,n/a,n/a,n/a,n/a,12.242518901824951,,,-16.51530668929113,nan,nan,5.793900821316955,64.34127095147406,7.106475614318073,,nan
35,59,59,845.6513901628953,255.921875,65,0.325,0.675,0.0,0.0,n/a,n/a,23.9125,1948.3261081388969,222.7125208639411,n/a,n/a,620.5246528230446,11.32809712133669,13.205247403968883,5.99778835713757,0.0,-0.0008317730932859093,,,133.6773109635398,,,,,0.0,0.4528660505997191,-0.010068246636546974,-1.0084617810323835,-0.5986879400908947,1.2123914062976837,0.3356068286113441,0.4330462383106351,0.6690711481496692,0.29164226409047844,n/a,n/a,n/a,n/a,0.27073082842403,179.7322314105839,0.0,,,,,,n/a,n/a,-0.3014974296092987,394.1114501953125,-3.632673740386963,0.008372630923986435,n/a,0.238528311252594,-0.3014974296092987,n/a,n/a,n/a,n/a,n/a,n/a,n/a,n/a,12.526361227035522,,,-16.448471182410973,nan,nan,5.916757302400251,64.48414956103714,6.966689585934768,,nan
35,60,60,873.009196039655,255.109375,64,0.375,0.625,0.0,0.0,n/a,n/a,23.9375,1937.3439481472988,223.25603849067596,n/a,n/a,621.7233398974477,11.45613589017624,13.254455890508755,6.026015493661639,0.0,-0.0007973268421841426,,,160.11253277656502,,,,,0.0,0.4446894056288234,-0.007490964659211841,-0.9994516400620341,-0.5796954189427197,1.197932017967105,0.3374361349269748,0.439032384660095,0.6725485473871231,0.29335705330595374,n/a,n/a,n/a,n/a,0.19682208422139175,179.5367854045347,0.0,,,,,,n/a,n/a,-0.30023619532585144,254.64276123046875,-3.6169369220733643,0.009113323874771595,n/a,0.24980849027633667,-0.30023619532585144,n/a,n/a,n/a,n/a,n/a,n/a,n/a,n/a,12.741002559661865,,,-16.32287598294474,nan,nan,5.9086878298016785,63.947980556798804,6.9037210144821435,,nan
35,61,61,855.7019684625736,255.484375,64,0.359375,0.640625,0.0,0.0,n/a,n/a,23.640625,1949.6110655587368,221.8501165113782,n/a,n/a,616.7560019026074,11.302025837656918,13.179932533276112,5.988890315273478,0.0,-0.0008221247202936392,,,148.33458442936382,,,,,0.0,0.44419782940137276,-0.008121633391056093,-1.0016483031213284,-0.573540570680052,1.2021720092743635,0.33895539585500956,0.4357938948087394,0.6673527136445045,0.2906051850877702,n/a,n/a,n/a,n/a,0.23930153059161036,179.42863858782536,0.0,,,,,,n/a,n/a,-0.01172568928450346,318.0047912597656,-3.612438440322876,0.007213743403553963,n/a,0.31515729427337646,-0.01172568928450346,n/a,n/a,n/a,n/a,n/a,n/a,n/a,n/a,12.613776922225952,,,-16.42888190881466,nan,nan,5.811810177236267,63.736339128767824,7.02208817192685,,nan
35,62,62,882.8963946123318,258.25625,64,0.409375,0.590625,0.0,0.0,n/a,n/a,23.79270833333333,1938.6425872313596,219.50916576788,n/a,n/a,618.9116479390012,11.409179319278039,13.318708212438487,6.1141693154115195,0.0,-0.0008273663880513071,,,172.9208998476508,,,,,0.0,0.44869479055720374,-0.01223866679274579,-1.009411517654856,-0.5785401723658046,1.1982383479674656,0.3410825334489346,0.43072468989218277,0.6775103914861877,0.2930666683241725,n/a,n/a,n/a,n/a,0.26557826207667656,179.45451110737602,0.0,,,,,,n/a,n/a,0.07137633115053177,235.77967834472656,-3.6010525226593018,0.006084884516894817,n/a,0.46966177225112915,0.07137633115053177,n/a,n/a,n/a,n/a,n/a,n/a,n/a,n/a,12.804699897766113,,,-16.51239076978559,nan,nan,5.743265680728273,64.04937933690385,6.942363097093274,,nan
35,63,63,893.0149733126467,276.03125,62,0.46875,0.53125,0.0,0.0,n/a,n/a,24.0625,1914.1135112657867,215.7812458153772,n/a,n/a,611.0890962179204,12.001861309937738,14.197916166674784,7.1005074136116715,-2.4034322067198466e-05,-0.0008492438491459432,,,188.56184592548775,,,,,0.0,0.4447806076074421,-0.021423321900897463,-1.0237098019570112,-0.5781274037435651,1.1717191748321056,0.3422561287879944,0.43281232425943017,0.6853927727788687,0.3062362768687308,n/a,n/a,n/a,n/a,4.588219794708646,178.4718520102931,0.0,,,,,,n/a,n/a,-0.1354721635580063,298.61322021484375,-3.601559638977051,0.010539109818637371,n/a,0.1667311191558838,-0.1354721635580063,n/a,n/a,n/a,n/a,n/a,n/a,n/a,n/a,13.186496496200562,,,-17.178524715441952,nan,nan,5.398132479878685,64.67995429472084,7.165057498028004,,nan
35,64,64,896.3958381380419,261.9947916666667,62,0.44791666666666663,0.5520833333333334,0.0,0.0,n/a,n/a,23.630208333333332,1922.5632574393464,221.16531640018735,n/a,n/a,614.6421782540954,11.574667213060984,13.531323683602835,6.300242492647152,0.0,-0.0008406112101578842,,,190.316370004129,,,,,0.0,0.4548794548602376,-0.017198040806154797,-1.013873701915145,-0.5981722303355733,1.1872050290306408,0.33870069760208327,0.4228835445828736,0.6926348404958844,0.29641957084337867,n/a,n/a,n/a,n/a,0.2639593931330278,178.9842498590063,0.0,,,,,,n/a,n/a,0.23267284035682678,134.6394805908203,-3.581885576248169,0.006744265556335449,n/a,0.6982786655426025,0.23267284035682678,n/a,n/a,n/a,n/a,n/a,n/a,n/a,n/a,13.533052206039429,,,-16.59957251784892,nan,nan,5.841043464128938,63.88739781633855,6.903028339098047,,nan
35,65,65,869.5055748513917,275.5104166666667,61,0.3958333333333333,0.6041666666666666,0.0,0.0,n/a,n/a,23.963541666666668,1935.9404351052272,219.55703473822246,n/a,n/a,614.1480983363651,11.969968729993125,14.127731931273233,6.827634785645817,0.0,-0.000842661644557114,,,161.9071691236793,,,,,0.0,0.4537618010178376,-0.019388051104821596,-1.0155404638499022,-0.5986643762638172,1.1813633932421606,0.34666595483819646,0.4192520786697666,0.6861299083878597,0.2997150525140266,n/a,n/a,n/a,n/a,0.25733622509250115,178.91304692611584,0.0,,,,,,n/a,n/a,-0.1329457312822342,338.3861999511719,-3.6042068004608154,0.00783652625977993,n/a,0.16859936714172363,-0.1329457312822342,n/a,n/a,n/a,n/a,n/a,n/a,n/a,n/a,14.006129503250122,,,-17.33758782004474,nan,nan,5.605293960857598,64.97886245322879,7.279246012037914,,nan
35,66,66,973.1143541978926,258.16041666666666,64,0.36666666666666664,0.6333333333333333,0.0,0.0,n/a,n/a,23.875,1921.899738136327,221.91451710807672,n/a,n/a,325.81578272852533,11.589143456326973,13.42309756930262,6.159077643214317,0.0,-0.000804397556629407,,,555.7581278694915,,,,,0.0,0.44708134143176315,-0.014385354312253185,-1.007045435346663,-0.5817927296273411,1.1915182671199243,0.3307894005750616,0.42820867883662384,0.6792443015302221,0.2940920040011406,n/a,n/a,n/a,n/a,0.26905415625944956,179.39539048345318,0.0,,,,,,n/a,n/a,-0.05973583832383156,162.48623657226562,-3.6188182830810547,0.004386753775179386,n/a,-0.024504780769348145,-0.05973583832383156,n/a,n/a,n/a,n/a,n/a,n/a,n/a,n/a,13.819589138031006,,,-16.383825644706636,nan,nan,5.850719685277351,64.1097433730987,6.793291914918997,,nan
35,67,67,1104.270855702864,262.546875,62,0.4427083333333333,0.5572916666666666,0.0,0.0,n/a,n/a,23.807291666666668,1925.5683505039672,220.03291010129647,n/a,n/a,310.3910985865373,11.623140658912355,13.57069475168857,6.272602220741323,0.0,-0.0008280330700849059,,,702.1089977644109,,,,,0.0,0.4524717184131854,-0.018344823941333743,-1.0109980910395582,-0.605590896991392,1.1834967788308859,0.34074600879102945,0.42402476056789357,0.6858940850943327,0.2988105029799044,n/a,n/a,n/a,n/a,0.27273327275873055,179.2456046459904,0.0,,,,,,n/a,n/a,0.21709588170051575,99.52496337890625,-3.5925445556640625,0.007560436613857746,n/a,-0.08076870441436768,0.21709588170051575,n/a,n/a,n/a,n/a,n/a,n/a,n/a,n/a,14.221739053726196,,,-16.655236539120658,nan,nan,5.784726347333574,64.26983138662575,6.905828558805085,,nan
35,68,68,1064.8431772035829,254.75,62,0.40625,0.59375,0.0,0.0,n/a,n/a,23.921875,1942.8983218127905,222.80562887842143,n/a,n/a,310.71329375543104,11.323655424541073,13.167414328161296,5.993561457411474,0.0,-0.0008138903718100436,,,663.3201038950986,,,,,0.0,0.4506083084317281,-0.009958971037121955,-0.9983328534290195,-0.6083523132838309,1.2015559505671263,0.3394706635735929,0.4313533129170537,0.6764518087729812,0.29015841195359826,n/a,n/a,n/a,n/a,0.3710738865580336,179.2611011027463,0.0,,,,,,n/a,n/a,0.1695796400308609,261.9291687011719,-3.570939064025879,0.004631995223462582,n/a,0.7235366106033325,0.1695796400308609,n/a,n/a,n/a,n/a,n/a,n/a,n/a,n/a,13.685206651687622,,,-16.336974271366685,nan,nan,5.7190425124255695,63.92823873618872,7.0156552560638925,,nan
35,69,69,1044.4499530150008,288.38541666666663,61,0.45729166666666665,0.5427083333333333,0.0,0.0,n/a,n/a,24.023958333333333,1890.8201495596848,210.75053222021194,n/a,n/a,309.8654986032837,12.470318479895278,14.820078422400819,7.731077022847705,-0.09236588337946798,-0.0008366341609829976,,,637.7747171640115,,,,,0.0,0.44335569130171393,-0.0317071952650925,-1.0306060751279196,-0.5836158673278987,1.1561706961443026,0.3418036908221741,0.42543973677481217,0.6717839611694216,0.30771818712043264,n/a,n/a,n/a,n/a,6.670658888095597,177.22615935203112,0.0,,,,,,n/a,n/a,-0.2268005907535553,187.08694458007812,-3.5771021842956543,0.005911837797611952,n/a,0.022003769874572754,-0.2268005907535553,n/a,n/a,n/a,n/a,n/a,n/a,n/a,n/a,13.590192794799805,,,-17.60733192769294,nan,nan,4.791319104258845,67.43806901075567,7.259409652780578,,nan
35,70,70,918.7977091080161,258.9322916666667,63,0.2708333333333333,0.7291666666666666,0.0,0.0,n/a,n/a,23.645833333333332,1939.1812508220373,218.61095518621903,n/a,n/a,427.18352446741676,11.477173953123074,13.375962587586962,6.124981296587087,0.0,-0.000827923448787956,,,399.25951153209843,,,,,0.0,0.4557352075796103,-0.014545168547935344,-1.0065292200694482,-0.6196988263788322,1.1990209554011624,0.3408991388666133,0.4255466066921751,0.6833019501840075,0.29434144714226324,n/a,n/a,n/a,n/a,0.2869759046945878,179.27904071398945,0.0,,,,,,n/a,n/a,0.04105158895254135,232.55044555664062,-3.5667991638183594,0.006698794197291136,n/a,0.16576451063156128,0.04105158895254135,n/a,n/a,n/a,n/a,n/a,n/a,n/a,n/a,13.50993537902832,,,-16.553690603314774,nan,nan,5.941947274202448,65.05993309256522,6.929193431199673,,nan
35,71,71,1182.749711053776,255.92708333333334,63,0.40625,0.59375,0.0,0.0,n/a,n/a,23.671875,1937.269951136851,225.13976115613775,n/a,n/a,452.5997068955812,11.336460685136469,13.219676239285572,6.068855252845594,0.0,-0.0008204115421278921,,,639.6698779680805,,,,,0.0,0.45372475430855613,-0.011284684172551351,-1.0051807360723615,-0.6100282243763407,1.2086555492132902,0.3369610100053251,0.424625052139163,0.6751488906641802,0.28937154992793995,n/a,n/a,n/a,n/a,0.29294693338934324,179.54425070637745,0.0,,,,,,n/a,n/a,-0.12963354587554932,406.6501770019531,-3.5626344680786133,0.007275356445461512,n/a,0.015488743782043457,-0.12963354587554932,n/a,n/a,n/a,n/a,n/a,n/a,n/a,n/a,13.877596616744995,,,-16.375147651534085,nan,nan,5.7590843428875065,63.59194191903767,6.880075813997881,,nan
35,72,72,1155.8892954365929,265.29583333333335,64,0.40729166666666666,0.5927083333333334,0.0,0.0,n/a,n/a,24.0,1923.006601592534,222.3258382387555,n/a,n/a,455.34949439448917,11.733198436874007,13.736605036322965,6.641157770772544,-1.3344806371051732e-09,-0.0008152152866824757,,,607.3095105027243,,,,,0.0,0.4546432915515144,-0.014751461021296564,-1.0142917272324363,-0.6129923926355938,1.1963056658705076,0.33435843360299866,0.42819081867734593,0.6819885483011603,0.29439715277403594,n/a,n/a,n/a,n/a,2.8438081164940856,178.87958226774455,0.0,,,,,,n/a,n/a,-0.09050799906253815,221.95436096191406,-3.555835723876953,0.0094325365498662,n/a,0.11881965398788452,-0.09050799906253815,n/a,n/a,n/a,n/a,n/a,n/a,n/a,n/a,13.349314451217651,,,-16.690571788168043,nan,nan,5.567256688069383,65.27996009816451,6.963499513965365,,nan
35,73,73,1186.9109932233537,254.546875,64,0.40625,0.59375,0.0,0.0,n/a,n/a,23.78125,1927.39724086707,223.93431896991763,n/a,n/a,456.8988265850454,11.350084684640791,13.197952412646213,6.060236239844027,0.0,-0.0008074377672003732,,,638.8033072776868,,,,,0.0,0.4577775215814165,-0.008814077990336955,-1.0047221602872014,-0.6231227442622185,1.2115895245224237,0.33399865915998816,0.4270021957345307,0.6845800597220659,0.2910858290269971,n/a,n/a,n/a,n/a,0.2414645140791543,179.67044140943966,0.0,,,,,,n/a,n/a,-0.045978810638189316,278.52716064453125,-3.5434625148773193,0.005870297085493803,n/a,0.39869189262390137,-0.045978810638189316,n/a,n/a,n/a,n/a,n/a,n/a,n/a,n/a,14.480231523513794,,,-16.221896389279877,nan,nan,5.777821085319141,64.25310862325917,6.792360141958964,,nan
35,74,74,1251.624938640835,255.69375,65,0.43125,0.56875,0.0,0.0,n/a,n/a,23.859375,1941.921271745956,225.71092069663126,n/a,n/a,456.36006615912333,11.352026049404842,13.232456320721472,6.002131187099191,0.0,-0.0008217295090752792,,,704.2973703903683,,,,,0.0,0.45866084421155295,-0.011226141190309135,-1.000564250163734,-0.6325542745180428,1.2058786306530238,0.3376499520614743,0.42570605166256426,0.6827875420451164,0.2900591051205993,n/a,n/a,n/a,n/a,0.3068558099927059,179.618579103974,0.0,,,,,,n/a,n/a,-0.0440274253487587,308.2677917480469,-3.555933952331543,0.005406973417848349,n/a,0.3220794200897217,-0.0440274253487587,n/a,n/a,n/a,n/a,n/a,n/a,n/a,n/a,14.12159013748169,,,-16.391799407993584,nan,nan,5.988668968207281,63.9209891315337,6.8638515718795015,,nan
35,75,75,1262.7936432511842,255.290625,65,0.44375,0.55625,0.0,0.0,n/a,n/a,23.809375,1944.0193217267652,223.5852551866482,n/a,n/a,447.4676117583401,11.363210656401852,13.21132161817411,5.994787150828384,0.0,-0.0008263739229516121,,,724.9892312985075,,,,,0.0,0.44739751997105826,-0.00430847749419172,-0.9941961957141757,-0.6011602739803493,1.2022160809487104,0.34281616294756534,0.4363561344332993,0.6649896500632166,0.29119277335703375,n/a,n/a,n/a,n/a,0.2827494210286947,179.52677331913418,0.0,,,,,,n/a,n/a,-0.15197168290615082,200.394287109375,-3.563981771469116,0.005594834219664335,n/a,0.04863852262496948,-0.15197168290615082,n/a,n/a,n/a,n/a,n/a,n/a,n/a,n/a,14.136220455169678,,,-16.37907456077714,nan,nan,6.034425437350338,63.126519831120916,6.986436435161093,,nan
35,76,76,1081.263467719169,254.96875,63,0.3333333333333333,0.6666666666666666,0.0,0.0,n/a,n/a,23.677083333333332,1948.594314212905,220.8364512561794,n/a,n/a,451.4034645604729,11.350022100948138,13.18246108000308,5.968114215258405,0.0,-0.0008179763809712619,,,538.8099001467489,,,,,0.0,0.44533116714244436,-0.006429598288529329,-0.9950439048310121,-0.6002221964299679,1.2052072553584974,0.33945300181706745,0.4386579447115461,0.6597278754537305,0.28790210156391066,n/a,n/a,n/a,n/a,0.30704903975397474,179.4890204892331,0.0,,,,,,n/a,n/a,0.21123456954956055,304.6255798339844,-3.5603039264678955,0.007028052117675543,n/a,-0.12245762348175049,0.21123456954956055,n/a,n/a,n/a,n/a,n/a,n/a,n/a,n/a,14.38836145401001,,,-16.38924198210873,nan,nan,5.886842764338936,63.986948883773024,7.065773926115428,,nan
35,77,77,1142.4489549709992,271.6614583333333,61,0.4114583333333333,0.5885416666666666,0.0,0.0,n/a,n/a,23.916666666666668,1936.0386389225946,215.886647573758,n/a,n/a,452.72230772255773,11.92267399593366,14.005166747126028,6.940466080959318,-2.519365991042121,-0.0008417228039061201,,,596.8003985271605,,,,,0.0,0.4433636872911412,-0.011076522187371058,-1.0030654575675726,-0.5902610893050829,1.1881489691634972,0.34745495626702905,0.4435109297434489,0.6616678715993961,0.2959031133602063,n/a,n/a,n/a,n/a,4.414526218294601,179.21934803407453,0.0,,,,,,n/a,n/a,0.24116112291812897,281.5348815917969,-3.581392526626587,0.00983219500631094,n/a,0.7840940952301025,0.24116112291812897,n/a,n/a,n/a,n/a,n/a,n/a,n/a,n/a,13.779023885726929,,,-17.0682317232826,nan,nan,6.188616291896676,66.0853459998205,7.372419042673299,,nan
35,78,78,1055.7799719950083,260.01875,65,0.334375,0.665625,0.0,0.0,n/a,n/a,23.909375,1933.8712956385175,217.23546914006653,n/a,n/a,448.53811078190404,11.46859910885181,13.401676264341155,6.223754494838484,0.0,-0.0008364772450718562,,,515.5943238552265,,,,,0.0,0.44761261948294984,-0.012862943648815416,-1.0007661977782845,-0.6090449650771916,1.188677379488945,0.3421775121241808,0.43200793797150255,0.6706345714628696,0.29799420954659583,n/a,n/a,n/a,n/a,0.28180510015056504,179.18878413951398,0.0,,,,,,n/a,n/a,-0.38266780972480774,253.22854614257812,-3.592890501022339,0.01004677265882492,n/a,0.017204761505126953,-0.38266780972480774,n/a,n/a,n/a,n/a,n/a,n/a,n/a,n/a,13.631732940673828,,,-16.557090648655773,nan,nan,5.653915043298609,64.34190690282493,7.115612669623694,,nan
35,79,79,878.9700034433179,254.828125,64,0.21875,0.78125,0.0,0.0,n/a,n/a,23.796875,1938.5582746250016,221.62125015746017,n/a,n/a,451.24755913957557,11.352376097688856,13.19045859735314,6.018253647213176,0.0,-0.0008072102581799714,,,336.7015269087828,,,,,0.0,0.4501308736747938,-0.006619379835420602,-0.995479341596365,-0.6089877644553781,1.200575252994895,0.34063666174188256,0.43044739682227373,0.6733732344582677,0.2942043845541775,n/a,n/a,n/a,n/a,0.2585151133539495,179.5096082932504,0.0,,,,,,n/a,n/a,-0.157785564661026,198.9668731689453,-3.567591428756714,0.012095008045434952,n/a,0.28360772132873535,-0.157785564661026,n/a,n/a,n/a,n/a,n/a,n/a,n/a,n/a,13.471665620803833,,,-16.3142426329064,nan,nan,5.810698774694368,64.0231107814128,6.9410693397618095,,nan
35,80,80,1056.346527379284,270.703125,62,0.359375,0.609375,0.0,0.03125,n/a,n/a,23.734375,1918.1511714440844,218.7959812464287,n/a,n/a,439.5587974017019,11.89929880201449,13.982294493263499,7.065615182711686,-2.2217224118817764,-0.0008265278193538143,,,525.2533854166668,,,,,0.0,0.45090041968983247,-0.01451971475347591,-1.0077561680227518,-0.6187387648969889,1.185143232345581,0.33978567365556955,0.4220939977094531,0.6866519385948777,0.2987862448208034,n/a,n/a,n/a,n/a,5.775153492502625,174.20802155857814,0.0,,,,,,n/a,n/a,-0.27030691504478455,301.84307861328125,-3.579281806945801,0.007366175763309002,n/a,0.2012118101119995,-0.27030691504478455,n/a,n/a,n/a,n/a,n/a,n/a,n/a,n/a,13.301179885864258,,,-16.870834767649505,nan,nan,5.892667796823722,64.80703467018,6.980817323272567,,nan
35,81,81,1266.410410591473,257.984375,62,0.4375,0.5625,0.0,0.0,n/a,n/a,24.057291666666664,1930.259056124079,223.72144763170337,n/a,n/a,443.1440667863616,11.552279528976342,13.388071875711761,6.129211743046298,0.0,-0.0008082373147425347,,,732.246875,,,,,0.0,0.4520341255129537,-0.011225673137535828,-0.9997882802660267,-0.6186873237602413,1.1953537693868082,0.34166853300606215,0.42920932763566577,0.6788845130552849,0.30105890597527224,n/a,n/a,n/a,n/a,0.2838007728736651,178.96945257333635,0.0,,,,,,n/a,n/a,0.14190484583377838,182.2895050048828,-3.5894384384155273,0.011504176072776318,n/a,0.6514763236045837,0.14190484583377838,n/a,n/a,n/a,n/a,n/a,n/a,n/a,n/a,13.199592351913452,,,-16.42319360162724,nan,nan,5.901948961949053,63.61988605954323,6.852072474826491,,nan
